"Phase","Taxon","Degree","Betweenness","Closeness","Eigenvector","Hub_Score"
"Early","ASV_132",50,8781.71977299662,0.00048828125,0.00109643862470423,0.00109643862470378
"Early","ASV_80",90,8239.29629437983,0.000524658971668416,0.552273253651541,0.552273253651541
"Early","ASV_52",42,7205.48668130881,0.000504795557799091,0.00174599123521917,0.00174599123521895
"Early","ASV_419",61,6438.9512597381,0.000570125427594071,0.0656336688890557,0.0656336688890556
"Early","ASV_97",132,6401.92435987702,0.000554631170271769,0.624662002129277,0.624662002129276
"Early","ASV_45",56,6396.58829739036,0.000518941359626362,0.00535409209940208,0.0053540920994016
"Early","ASV_475",53,6022.86153662503,0.000514933058702369,0.0574305976678831,0.0574305976678828
"Early","ASV_298",85,5881.37361884384,0.000551267916207277,0.0149237040698163,0.0149237040698161
"Early","ASV_116",63,5733.82627856992,0.000430292598967298,0.00117539518901049,0.00117539518901
"Early","ASV_206",100,5623.0903550659,0.000535045478865704,0.633614844936811,0.633614844936811
"Early","ASV_282",106,5567.72916328151,0.000549148819330038,0.5605563398072,0.5605563398072
"Early","ASV_388",50,5434.2651542276,0.000520291363163372,0.0301512658082916,0.0301512658082917
"Early","ASV_224",86,5384.04935188495,0.000505561172901921,0.637928781757332,0.637928781757333
"Early","ASV_193",36,5210.08527779721,0.000506585612968592,0.0297034558863441,0.0297034558863438
"Early","ASV_73",57,5113.25066204655,0.000513083632632119,0.032308167123285,0.0323081671232853
"Early","ASV_17",46,4920.32703620925,0.000547045951859956,0.0384123549256198,0.0384123549256199
"Early","ASV_589",52,4868.29813105826,0.000508646998982706,0.00466959686224728,0.00466959686224694
"Early","ASV_450",55,4865.28865517718,0.000507872016251904,0.256407347922581,0.256407347922581
"Early","ASV_39",76,4457.61761956693,0.000533902829684997,0.02583153659949,0.0258315365994899
"Early","ASV_703",77,4415.25965443524,0.000531067445565587,0.0155771814523797,0.0155771814523795
"Early","ASV_57",66,4350.12283297757,0.000509164969450102,0.0360027489345413,0.0360027489345414
"Early","ASV_395",101,4348.62802000193,0.000512295081967213,0.700393451029314,0.700393451029314
"Early","ASV_151",44,4292.88927910293,0.000502765208647562,0.0273744484305503,0.0273744484305499
"Early","ASV_275",40,4095.37908517815,0.00048780487804878,0.000818710220204897,0.000818710220204563
"Early","ASV_243",47,4064.5893618778,0.000492368291482029,0.00133637797451159,0.00133637797451118
"Early","ASV_65",54,3864.47934712126,0.00046339202965709,0.00123439820175513,0.00123439820175473
"Early","ASV_118",61,3863.74385536296,0.000464252553389044,0.0232342116829598,0.0232342116829594
"Early","ASV_591",141,3799.13731855767,0.000565610859728507,0.180496982001861,0.180496982001861
"Early","ASV_444",76,3623.1163007004,0.000492610837438424,0.00705606214230076,0.00705606214230066
"Early","ASV_516",67,3455.60148263163,0.000516262261228704,0.0560115569467514,0.0560115569467515
"Early","ASV_21",61,3358.58300590702,0.000504286434694907,0.00299919456353534,0.00299919456353514
"Early","ASV_7",31,3239.81828113401,0.00053134962805526,0.0419563084246787,0.0419563084246785
"Early","ASV_101",28,3223.96126950837,0.000532197977647685,0.0202622148383892,0.0202622148383892
"Early","ASV_12",28,3211.99504574651,0.000468384074941452,0.00113816899575458,0.00113816899575438
"Early","ASV_51",41,3206.15666520071,0.000499251123315027,0.00339687532429482,0.0033968753242945
"Early","ASV_420",43,3185.94144876967,0.000515463917525773,0.228113516869795,0.228113516869796
"Early","ASV_85",64,2954.64453420317,0.000460193281178095,0.000964813419476692,0.000964813419476348
"Early","ASV_856",60,2933.33681604132,0.000476644423260248,0.0327360313266084,0.0327360313266085
"Early","ASV_20",25,2909.07906874228,0.000527426160337553,0.0103353725532363,0.0103353725532361
"Early","ASV_717",146,2504.81111504658,0.000564334085778781,0.138283618175555,0.138283618175555
"Early","ASV_437",144,2426.96391637174,0.000564015792442188,0.134328947013739,0.134328947013738
"Early","ASV_530",137,1885.52939093276,0.000542005420054201,0.923830791552752,0.923830791552752
"Early","ASV_188",138,1776.4268397507,0.000559597090095132,0.119966696771602,0.119966696771603
"Early","ASV_559",142,1151.21374728706,0.000544365813826892,0.101081270873461,0.101081270873461
"Early","ASV_313",143,538.8966551376,0.000528820729772607,1,1
"Early","ASV_431",141,528.384838759103,0.000523834468308015,0.988290754626224,0.988290754626224
"Early","ASV_325",141,525.075305893289,0.000523834468308015,0.990942949766042,0.990942949766042
"Early","ASV_113",141,513.972472355478,0.000524658971668416,0.992257365426735,0.992257365426735
"Early","ASV_657",142,489.499638161006,0.000527983104540655,0.996506722069592,0.996506722069592
"Early","ASV_459",141,437.941982101214,0.000527704485488127,0.995665639279003,0.995665639279003
"Early","ASV_512",141,431.798426918874,0.000527704485488127,0.995005726228088,0.995005726228087
"Early","ASV_405",139,414.087798148795,0.000527148128624143,0.98781058078622,0.98781058078622
"Early","ASV_846",137,407.316124649494,0.000523560209424084,0.980067946212955,0.980067946212955
"Early","ASV_235",138,397.490398494935,0.000517063081695967,0.982157562445633,0.982157562445633
"Early","ASV_533",139,381.563363977005,0.000526038926880589,0.992836284579463,0.992836284579463
"Early","ASV_190",138,364.245495240142,0.000526870389884088,0.98696949799563,0.986969497995631
"Early","ASV_461",138,364.245495240142,0.000526870389884088,0.98696949799563,0.986969497995631
"Early","ASV_573",138,364.245495240142,0.000526870389884088,0.986969497995631,0.986969497995631
"Early","ASV_364",137,361.64086673438,0.000525486074619023,0.98542636059142,0.98542636059142
"Early","ASV_394",137,361.64086673438,0.000525486074619023,0.98542636059142,0.98542636059142
"Early","ASV_523",137,361.64086673438,0.000525486074619023,0.98542636059142,0.98542636059142
"Early","ASV_586",137,361.64086673438,0.000525486074619023,0.98542636059142,0.98542636059142
"Early","ASV_713",137,361.64086673438,0.000525486074619023,0.98542636059142,0.98542636059142
"Early","ASV_1057",137,361.64086673438,0.000525486074619023,0.98542636059142,0.98542636059142
"Early","ASV_479",136,352.822026073377,0.0005249343832021,0.98073967026936,0.98073967026936
"Early","ASV_619",136,352.822026073377,0.0005249343832021,0.98073967026936,0.98073967026936
"Early","ASV_956",137,351.942148254067,0.000525210084033613,0.985121687398715,0.985121687398715
"Early","ASV_207",137,347.94779038484,0.000525486074619023,0.986262625060043,0.986262625060043
"Early","ASV_787",137,347.94779038484,0.000525486074619023,0.986262625060043,0.986262625060043
"Early","ASV_358",136,340.742604777297,0.000524658971668416,0.980831147273677,0.980831147273677
"Early","ASV_701",137,336.847823896565,0.000522739153162572,0.982118075511291,0.982118075511292
"Early","ASV_347",135,336.347492815021,0.000524383848977452,0.975296210433319,0.975296210433319
"Early","ASV_640",135,335.063954047907,0.000524658971668416,0.976040997897624,0.976040997897625
"Early","ASV_377",139,334.088666456513,0.000522193211488251,0.992269645391928,0.992269645391928
"Early","ASV_265",135,333.952297078035,0.000524383848977452,0.976966975946366,0.976966975946367
"Early","ASV_744",135,333.952297078035,0.000524383848977452,0.976966975946367,0.976966975946367
"Early","ASV_711",137,307.868814974773,0.000519210799584631,0.977404644663499,0.977404644663499
"Early","ASV_896",137,307.868814974773,0.000519210799584631,0.977404644663499,0.977404644663499
"Early","ASV_316",136,298.304146927235,0.000518672199170124,0.972072206391819,0.972072206391819
"Early","ASV_725",136,295.827696123948,0.000521648408972353,0.976056691563083,0.976056691563083
"Late","ASV_162",67,14624.2900678911,0.000501756146512795,0.166693761585216,0.166693761585216
"Late","ASV_370",103,13482.0564120627,0.000508130081300813,0.120064083735606,0.120064083735606
"Late","ASV_212",40,11036.923695692,0.000446428571428571,0.0143463368789084,0.0143463368789085
"Late","ASV_775",74,7882.02007972365,0.000467508181393174,0.0539682272418318,0.053968227241832
"Late","ASV_16",69,7446.65629527051,0.000485672656629432,0.0385607023832465,0.0385607023832466
"Late","ASV_5",57,7110.75990045909,0.000491159135559921,0.0760171535389001,0.0760171535389003
"Late","ASV_45",49,6792.81340287617,0.000473484848484848,0.00374256133350222,0.0037425613335022
"Late","ASV_93",80,6746.06070109421,0.000456204379562044,0.0037753409668553,0.00377534096685539
"Late","ASV_165",35,6590.93037054686,0.000470145745181006,0.0467530891013317,0.0467530891013318
"Late","ASV_222",81,6439.7547488176,0.000465332712889716,0.0130179180616901,0.0130179180616904
"Late","ASV_789",151,6258.33829175952,0.000490436488474743,0.744789104640288,0.744789104640288
"Late","ASV_479",73,6178.78220693349,0.000461680517082179,0.0752994557101336,0.0752994557101338
"Late","ASV_394",69,6059.08921090199,0.00043122035360069,0.0222278164250933,0.0222278164250935
"Late","ASV_543",51,5777.44024605185,0.000460405156537753,0.0182435244489994,0.0182435244489995
"Late","ASV_166",45,5753.59725794255,0.000456204379562044,0.00239171036371458,0.00239171036371469
"Late","ASV_72",55,5632.35758528301,0.000431592576607682,0.180473326547607,0.180473326547607
"Late","ASV_215",104,5524.66830671118,0.000464900046490005,0.0050225223415567,0.00502252234155682
"Late","ASV_364",124,5210.02713253509,0.000488042947779405,0.558819380250916,0.558819380250916
"Late","ASV_111",135,5194.42968802589,0.000513083632632119,0.631243123955034,0.631243123955035
"Late","ASV_294",108,5068.86580259734,0.000466417910447761,0.0205505717888088,0.0205505717888088
"Late","ASV_833",70,4977.70185659556,0.000451875282422052,0.00306454700277081,0.00306454700277093
"Late","ASV_37",72,4934.689172108,0.000493096646942801,0.220921363323989,0.220921363323989
"Late","ASV_235",84,4885.79182179498,0.000455996352029184,0.0037335848681737,0.00373358486817384
"Late","ASV_757",45,4788.0884247893,0.000447427293064877,0.0569989721402578,0.0569989721402579
"Late","ASV_306",94,4707.44314459914,0.000492368291482029,0.390941206739754,0.390941206739755
"Late","ASV_414",147,4672.29461474133,0.000482858522452921,0.753306247273848,0.753306247273848
"Late","ASV_141",54,4661.35658361021,0.000464252553389044,0.041851970936912,0.0418519709369123
"Late","ASV_193",52,4438.86820423566,0.000484730974309258,0.0162128523677501,0.0162128523677501
"Late","ASV_432",62,4331.01821739839,0.000457038391224863,0.084427172996273,0.0844271729962731
"Late","ASV_205",41,4308.53850875371,0.000445632798573975,0.0826904994962454,0.0826904994962455
"Late","ASV_550",48,4191.56080023215,0.000457875457875458,0.0124207432891727,0.0124207432891729
"Late","ASV_99",47,4091.44608408842,0.000439753737906772,0.00805723498111705,0.00805723498111716
"Late","ASV_157",139,3913.03645052359,0.0004995004995005,0.68309134900532,0.68309134900532
"Late","ASV_245",50,3885.2637993424,0.000428082191780822,0.00157003020131268,0.00157003020131276
"Late","ASV_194",73,3833.32065610564,0.000449842555105713,0.00330749801049523,0.00330749801049556
"Late","ASV_334",70,3698.80507085367,0.000457038391224863,0.0043299146721884,0.00432991467218852
"Late","ASV_282",44,3607.82083548065,0.000459347726228755,0.0217271121673101,0.0217271121673103
"Late","ASV_150",33,3598.8910081725,0.000448229493500672,0.00804281839133477,0.00804281839133477
"Late","ASV_389",60,3564.86571908673,0.00049825610363727,0.158049965466,0.158049965466
"Late","ASV_190",122,3501.36920887618,0.000472589792060492,0.00699820318785477,0.00699820318785491
"Late","ASV_293",138,3496.52303922659,0.000499251123315027,0.679403890879172,0.679403890879172
"Late","ASV_399",52,3431.59638535468,0.000452693526482571,0.0556985626339028,0.0556985626339029
"Late","ASV_119",70,3244.20231261181,0.000455166135639508,0.00346059395047262,0.00346059395047267
"Late","ASV_124",124,3210.30397274991,0.000490196078431373,0.623537932594443,0.623537932594443
"Late","ASV_164",110,3150.16022048817,0.000474608448030375,0.528341711397219,0.528341711397219
"Late","ASV_217",41,3139.49129439731,0.000375375375375375,0.00053672214517773,0.000536722145177808
"Late","ASV_671",181,1653.60953540645,0.000485908649173955,0.934043725273981,0.934043725273981
"Late","ASV_307",185,1546.58609001957,0.000484730974309258,0.950911980914579,0.950911980914579
"Late","ASV_391",179,1151.86554285308,0.000472143531633617,0.91902928439446,0.91902928439446
"Late","ASV_971",173,1105.46125798873,0.000481463649494463,0.934337467783216,0.934337467783216
"Late","ASV_1037",198,1072.84874417315,0.000502260170768458,0.998112547149426,0.998112547149427
"Late","ASV_920",198,1056.31901954195,0.000502260170768458,1,1
"Late","ASV_445",197,1054.72919789969,0.000502008032128514,0.995396697558154,0.995396697558154
"Late","ASV_583",197,1054.72919789969,0.000502008032128514,0.995396697558154,0.995396697558154
"Late","ASV_794",196,1034.0107568157,0.000501756146512795,0.99658372894085,0.99658372894085
"Late","ASV_981",197,1027.52554741509,0.000502008032128514,0.999113979171394,0.999113979171394
"Late","ASV_810",191,1025.40858100334,0.0004995004995005,0.983397626708504,0.983397626708504
"Late","ASV_456",196,998.917471516148,0.000501756146512795,0.996447725751686,0.996447725751686
"Late","ASV_1014",196,995.51737525539,0.000501756146512795,0.996681418939622,0.996681418939622
"Late","ASV_336",194,970.244656022699,0.000501002004008016,0.990177971183793,0.990177971183793
"Late","ASV_302",193,959.468102327374,0.000500751126690035,0.986366455079247,0.986366455079247
"Late","ASV_774",194,953.562477574992,0.00050125313283208,0.993362251326746,0.993362251326746
"Late","ASV_901",194,950.322681810091,0.000501002004008016,0.991857839654166,0.991857839654166
"Late","ASV_564",193,939.441771459163,0.000501002004008016,0.98861661819164,0.98861661819164
"Late","ASV_632",193,935.417714623687,0.000500250125062531,0.988594994330818,0.988594994330818
"Late","ASV_266",192,919.770292121943,0.0005005005005005,0.985218190690596,0.985218190690596
"Late","ASV_930",190,893.662683452388,0.000499750124937531,0.982211031573117,0.982211031573117
"Late","ASV_649",191,891.112535678887,0.000500250125062531,0.984429650527815,0.984429650527815
"Late","ASV_273",188,832.626637039948,0.000499251123315027,0.975756560725059,0.975756560725059
"Late","ASV_312",192,828.49364950898,0.000482625482625483,0.979397582930387,0.979397582930387
"Late","ASV_743",185,807.473380460038,0.000483792936623125,0.956755022517958,0.956755022517959
"Late","ASV_878",190,790.353956563202,0.000481463649494463,0.973360138224622,0.973360138224622
"Late","ASV_831",189,771.037285341972,0.000481231953801732,0.971598623985787,0.971598623985787
"Late","ASV_1067",173,737.775456470839,0.000472366556447804,0.899614130653217,0.899614130653217
"Late","ASV_1142",193,595.488095984133,0.000479616306954436,0.981644869178079,0.981644869178079
"Late","ASV_970",192,589.309314349309,0.000479386385426654,0.97784186616194,0.977841866161941
"Late","ASV_887",191,586.293677674085,0.000478927203065134,0.975114663843721,0.97511466384372
"Late","ASV_1114",191,586.293677674085,0.000478927203065134,0.975114663843721,0.97511466384372
"Late","ASV_989",188,585.346493261945,0.000478240076518412,0.96324336669597,0.96324336669597
"Late","ASV_531",192,583.69964015003,0.000479846449136276,0.9802286113662,0.9802286113662
"Late","ASV_1178",191,569.716536543828,0.000478927203065134,0.975992140327155,0.975992140327154
"Late","ASV_607",189,563.064706225654,0.000478468899521531,0.970010116980528,0.970010116980528
"Late","ASV_726",187,559.348149615873,0.000477783086478739,0.962306010483979,0.962306010483979
"Late","ASV_951",187,559.348149615873,0.000477783086478739,0.962306010483979,0.962306010483979
"Late","ASV_1166",188,552.568577007683,0.000478011472275335,0.966440940689005,0.966440940689005
"Late","ASV_1231",185,548.876667346212,0.000477099236641221,0.953279331313201,0.953279331313201
"Late","ASV_1270",190,539.083551626454,0.000479386385426654,0.976911315942471,0.976911315942471
"Late","ASV_1089",177,504.178581578318,0.000471253534401508,0.925725616021253,0.925725616021254
"Late","ASV_1024",188,502.619764306792,0.000478240076518412,0.971231359784893,0.971231359784893
"Late","ASV_746",182,478.259949518462,0.000472366556447804,0.950355556770851,0.950355556770852
"Late","ASV_738",176,431.804998411853,0.000471031559114461,0.933353886556969,0.933353886556969
"Late","ASV_779",178,412.39609973294,0.000471253534401508,0.938674443632379,0.938674443632379
"Late","ASV_1083",174,385.923508655378,0.000470588235294118,0.926811701251344,0.926811701251344
"Mid","ASV_248",44,11492.3525234133,0.000551267916207277,0.00378890942316937,0.00378890942316933
"Mid","ASV_89",22,10231.2394678313,0.000552486187845304,0.024617924344237,0.0246179243442369
"Mid","ASV_530",66,8604.50964443227,0.00051413881748072,0.0321667569133069,0.0321667569133058
"Mid","ASV_370",33,8586.27457785867,0.00056274620146314,0.0483620673258773,0.0483620673258771
"Mid","ASV_264",67,8342.61503523198,0.000530503978779841,0.0113592897965459,0.0113592897965446
"Mid","ASV_81",21,6907.81069570388,0.000518941359626362,0.000875227508481014,0.000875227508480755
"Mid","ASV_135",23,6673.35026231036,0.000504795557799091,0.028658265034639,0.0286582650346389
"Mid","ASV_37",42,5863.83387859922,0.000523834468308015,0.0646139301910582,0.0646139301910578
"Mid","ASV_40",20,5666.31530909917,0.000537923614846692,0.0455160141988567,0.0455160141988566
"Mid","ASV_116",32,5644.15067603636,0.000516262261228704,0.0334220521859244,0.0334220521859242
"Mid","ASV_390",14,5591.33654276474,0.000487329434697856,0.0083128630626678,0.00831286306266758
"Mid","ASV_475",54,5471.53204773382,0.000533902829684997,0.00736718360778497,0.00736718360778447
"Mid","ASV_45",21,5290.68430949187,0.00053134962805526,0.00711583249021092,0.00711583249021061
"Mid","ASV_119",16,5239.25235507508,0.000472589792060492,0.0005006030410944,0.000500603041094191
"Mid","ASV_111",49,4975.05274687584,0.000543478260869565,0.411821501971272,0.411821501971271
"Mid","ASV_146",25,4757.44802719846,0.000536480686695279,0.177522816460942,0.177522816460942
"Mid","ASV_160",38,4751.01423091799,0.000521648408972353,0.00798239443691852,0.00798239443691819
"Mid","ASV_153",15,4733.92301292635,0.000477326968973747,0.00147394817688036,0.0014739481768802
"Mid","ASV_282",37,4623.54995501197,0.000485436893203883,0.00892530359343956,0.00892530359343894
"Mid","ASV_102",63,4519.28933228243,0.00053248136315229,0.736852947582041,0.736852947582041
"Mid","ASV_8",19,4512.50454694187,0.000492125984251968,0.0536984731712979,0.0536984731712978
"Mid","ASV_196",37,4449.5779953403,0.000446428571428571,0.00433259872332011,0.00433259872331975
"Mid","ASV_157",47,4445.05750674777,0.000559284116331096,0.501763732785178,0.501763732785178
"Mid","ASV_212",39,4411.98143205758,0.00048780487804878,0.00115005911284263,0.00115005911284257
"Mid","ASV_369",19,4370.00684951574,0.000424088210347752,0.000130217014858188,0.000130217014857823
"Mid","ASV_73",57,4265.50356501961,0.000525762355415352,0.64378913421371,0.64378913421371
"Mid","ASV_671",43,4255.87738302477,0.000524109014675052,0.403028595279815,0.403028595279815
"Mid","ASV_33",21,4243.93535306938,0.000465116279069767,0.000561686083609648,0.000561686083609385
"Mid","ASV_724",30,4058.27294363484,0.000492125984251968,0.319587786396071,0.319587786396071
"Mid","ASV_98",38,3996.12271734886,0.000446030330062444,0.00104284563863185,0.00104284563863193
"Mid","ASV_25",14,3959.28289045225,0.000487329434697856,0.0266655826384338,0.0266655826384336
"Mid","ASV_298",11,3937.00535784326,0.00048030739673391,0.000511294090577122,0.000511294090577056
"Mid","ASV_496",45,3737.98547391181,0.000542888165038002,0.00663901987929963,0.00663901987929919
"Mid","ASV_267",16,3692.82979942563,0.000389105058365759,0.000280000776377777,0.000280000776377698
"Mid","ASV_120",20,3561.41942557241,0.000499001996007984,0.0565455710695629,0.0565455710695626
"Mid","ASV_733",25,3511.2878506015,0.000470366886171214,0.00687618923050355,0.00687618923050372
"Mid","ASV_414",46,3484.52063804958,0.000522739153162572,0.546017546932551,0.54601754693255
"Mid","ASV_48",30,3464.73834589543,0.000496031746031746,0.252908641861139,0.252908641861139
"Mid","ASV_666",69,2725.72320362881,0.000528541226215645,0.816660870582156,0.816660870582155
"Mid","ASV_215",68,2657.91327769668,0.000514933058702369,0.00796779891492331,0.00796779891492265
"Mid","ASV_331",75,2446.15994605473,0.000533049040511727,0.871478968893454,0.871478968893454
"Mid","ASV_377",73,1958.53906009219,0.000500751126690035,0.0133718937219218,0.0133718937219207
"Mid","ASV_767",70,1821.29984773424,5e-04,0.0130115264994004,0.0130115264993994
"Mid","ASV_777",71,1813.25667778102,5e-04,0.0131533148952987,0.0131533148952975
"Mid","ASV_920",91,1762.22009924369,0.000547045951859956,0.994671752124521,0.99467175212452
"Mid","ASV_780",90,1713.18264528715,0.000552486187845304,1,1
"Mid","ASV_971",89,1587.83891898284,0.000546149645002731,0.987202617567304,0.987202617567304
"Mid","ASV_117",88,1559.5704409885,0.000551876379690949,0.99392498215662,0.99392498215662
"Mid","ASV_456",87,1477.96437301932,0.000545553737043099,0.976780048608515,0.976780048608515
"Mid","ASV_302",87,1463.71806371315,0.000551571980143409,0.991497530658731,0.99149753065873
"Mid","ASV_392",68,1403.69736719591,0.000537634408602151,0.00915167718146428,0.00915167718146343
"Mid","ASV_447",68,1403.69736719591,0.000537634408602151,0.00915167718146403,0.00915167718146349
"Mid","ASV_555",68,1403.69736719591,0.000537634408602151,0.00915167718146419,0.00915167718146339
"Mid","ASV_214",74,1358.27984052077,0.000520833333333333,0.890500914756623,0.890500914756622
"Mid","ASV_110",73,1333.0671843003,0.000521376433785193,0.894783157599906,0.894783157599906
"Mid","ASV_549",84,1189.26389341916,0.000531914893617021,0.964292109435289,0.964292109435289
"Mid","ASV_498",81,1187.71125722686,0.000539083557951483,0.935960422356656,0.935960422356656
"Mid","ASV_632",83,1151.04567767175,0.000540248514316586,0.957751470946355,0.957751470946355
"Mid","ASV_649",87,1125.20694554771,0.000535618639528656,0.982505969378818,0.982505969378818
"Mid","ASV_307",85,1105.02923512315,0.000542005420054201,0.98081616043399,0.98081616043399
"Mid","ASV_546",81,981.528930794256,0.000539665407447383,0.959941070784604,0.959941070784605
"Mid","ASV_459",74,767.765140096386,0.000486381322957198,0.0138027867579505,0.0138027867579492
"Mid","ASV_663",72,741.891735830364,0.000486854917234664,0.0135918861174574,0.0135918861174561
"Mid","ASV_539",76,695.285848570163,0.000513874614594039,0.896635953096105,0.896635953096105
"Mid","ASV_336",74,670.827314120521,0.000518403317781234,0.896276703184314,0.896276703184314
"Mid","ASV_592",75,659.073653651355,0.000484966052376334,0.0135966847592303,0.0135966847592293
"Mid","ASV_461",71,617.885969041433,0.000473036896877956,0.0129557601957763,0.0129557601957751
"Mid","ASV_139",77,559.959768895447,0.000526592943654555,0.931098034291014,0.931098034291014
"Mid","ASV_347",74,510.325405562108,0.000482392667631452,0.0135789081272383,0.0135789081272373
"Mid","ASV_654",75,464.495370688576,0.00051975051975052,0.917878768293879,0.917878768293879
"Mid","ASV_391",72,437.850515670071,0.000524109014675052,0.890539070600055,0.890539070600055
"Mid","ASV_265",70,379.611720281101,0.000480076812289966,0.0130950325289421,0.0130950325289412
"Mid","ASV_717",71,360.425578744528,0.00051440329218107,0.886539907965543,0.886539907965542
"Mid","ASV_738",71,348.064107727615,0.000515463917525773,0.890035675926146,0.890035675926146
"Mid","ASV_188",69,324.939132954105,0.00051413881748072,0.870475617834632,0.870475617834633
"Mid","ASV_358",69,312.182967686573,0.0004739336492891,0.0128619867853213,0.01286198678532
"Mid","ASV_504",69,312.182967686573,0.0004739336492891,0.0128619867853212,0.0128619867853201
"Mid","ASV_612",69,312.182967686573,0.0004739336492891,0.0128619867853212,0.0128619867853202
"Mid","ASV_405",68,282.280770005156,0.000472366556447804,0.0127829268701715,0.0127829268701704
"Post-Mission","ASV_150",62,6425.01967226435,0.000539956803455724,0.0818374826895409,0.0818374826895408
"Post-Mission","ASV_94",87,5242.56542617086,0.000578368999421631,0.157584205568806,0.157584205568807
"Post-Mission","ASV_357",81,4475.04252678887,0.000499001996007984,0.0132951826228487,0.0132951826228487
"Post-Mission","ASV_2",83,4461.96687198201,0.000548245614035088,0.169053068126815,0.169053068126815
"Post-Mission","ASV_196",83,4429.17109909861,0.000549752611324904,0.0686985414295972,0.0686985414295976
"Post-Mission","ASV_327",79,4153.56516010723,0.000547945205479452,0.0581271142478795,0.0581271142478796
"Post-Mission","ASV_228",70,4091.97346300816,0.00054525627044711,0.235035897252763,0.235035897252763
"Post-Mission","ASV_140",101,3970.63228174217,0.000526315789473684,0.0408588841129338,0.040858884112934
"Post-Mission","ASV_212",45,3869.81684070708,0.000499251123315027,0.0156118176691722,0.0156118176691721
"Post-Mission","ASV_361",73,3802.80120757559,0.000556483027267668,0.0804843123901688,0.080484312390169
"Post-Mission","ASV_7",68,3477.2329782628,0.000542888165038002,0.40241993591948,0.40241993591948
"Post-Mission","ASV_4",76,3467.14841767603,0.000571102227298686,0.123349705409247,0.123349705409247
"Post-Mission","ASV_742",76,3292.16761714816,0.0005249343832021,0.401067993012705,0.401067993012705
"Post-Mission","ASV_299",137,3263.71829080532,0.000575705238917674,0.809372488399114,0.809372488399114
"Post-Mission","ASV_89",51,3230.4842274268,0.000503018108651912,0.0355640973795542,0.0355640973795541
"Post-Mission","ASV_313",62,3112.32816400265,0.000491159135559921,0.0673506104417459,0.0673506104417457
"Post-Mission","ASV_187",64,3028.52186752629,0.000497512437810945,0.0208245053860246,0.0208245053860247
"Post-Mission","ASV_647",102,3021.64167042098,0.000555555555555556,0.0630247654566288,0.063024765456629
"Post-Mission","ASV_210",117,2844.18248148647,0.000573394495412844,0.20591287277906,0.205912872779061
"Post-Mission","ASV_12",49,2835.25792709914,0.000530503978779841,0.0189419499243001,0.0189419499243001
"Post-Mission","ASV_69",60,2788.67630599332,0.000534188034188034,0.287816419465584,0.287816419465584
"Post-Mission","ASV_165",69,2760.99283086176,0.000554631170271769,0.370492428450064,0.370492428450064
"Post-Mission","ASV_141",75,2713.33887211738,0.000521648408972353,0.0580161204860881,0.0580161204860883
"Post-Mission","ASV_37",104,2707.96767323442,0.000555864369093941,0.615075059070959,0.615075059070959
"Post-Mission","ASV_389",51,2707.03437495422,0.000482160077145612,0.0650773546964483,0.0650773546964482
"Post-Mission","ASV_184",77,2702.63345011316,0.000512820512820513,0.0105519617322169,0.0105519617322166
"Post-Mission","ASV_245",83,2663.96068306737,0.000547645125958379,0.058331068495365,0.0583310684953652
"Post-Mission","ASV_142",70,2654.80685086615,0.00048780487804878,0.00800802709546299,0.00800802709546288
"Post-Mission","ASV_493",46,2560.3684172358,0.000470145745181006,0.0150124820641905,0.0150124820641904
"Post-Mission","ASV_366",105,2472.35713711867,0.000575373993095512,0.548216450735097,0.548216450735097
"Post-Mission","ASV_242",36,2434.49492445833,0.00048780487804878,0.0261337995579629,0.0261337995579628
"Post-Mission","ASV_162",58,2429.36919176465,0.000524658971668416,0.349239444309623,0.349239444309623
"Post-Mission","ASV_920",134,2377.56385641616,0.000574712643678161,0.828027488369596,0.828027488369596
"Post-Mission","ASV_87",72,2355.88114533727,0.000539374325782093,0.0413914619750564,0.0413914619750564
"Post-Mission","ASV_99",72,2355.88114533727,0.000539374325782093,0.0413914619750565,0.0413914619750564
"Post-Mission","ASV_38",56,2355.30053489862,0.000492368291482029,0.0164225416902173,0.0164225416902175
"Post-Mission","ASV_946",40,2302.89508600347,0.0005005005005005,0.0284623729894186,0.0284623729894185
"Post-Mission","ASV_434",95,2274.73023649105,0.000555864369093941,0.174865023702325,0.174865023702325
"Post-Mission","ASV_646",36,2213.69231934282,0.000448028673835125,0.00240007573073486,0.00240007573073477
"Post-Mission","ASV_192",109,2111.80399930431,0.000563380281690141,0.771197943843432,0.771197943843431
"Post-Mission","ASV_111",119,2111.1060034204,0.000550357732526142,0.791337562776663,0.791337562776663
"Post-Mission","ASV_353",117,1381.45102992083,0.000546149645002731,0.0834486783293998,0.0834486783294003
"Post-Mission","ASV_470",135,1170.48362129848,0.000558347292015634,0.920112454874627,0.920112454874627
"Post-Mission","ASV_372",127,1008.73870745752,0.000541711809317443,0.89785465323713,0.89785465323713
"Post-Mission","ASV_515",127,973.11775671839,0.000541711809317443,0.896804731599612,0.896804731599612
"Post-Mission","ASV_71",132,915.134097204233,0.000554016620498615,0.920698350698593,0.920698350698593
"Post-Mission","ASV_148",132,915.134097204233,0.000554016620498615,0.920698350698593,0.920698350698593
"Post-Mission","ASV_26",132,831.604986557033,0.000555247084952804,0.926153460874403,0.926153460874403
"Post-Mission","ASV_139",117,614.219646445684,0.00053850296176629,0.885376460891913,0.885376460891913
"Post-Mission","ASV_671",136,521.42843492729,0.000547345374931582,0.992129377036166,0.992129377036166
"Post-Mission","ASV_110",136,501.501860668716,0.000550964187327824,1,1
"Post-Mission","ASV_117",136,501.501860668716,0.000550964187327824,1,1
"Post-Mission","ASV_331",136,501.501860668716,0.000550964187327824,1,1
"Post-Mission","ASV_445",136,501.501860668716,0.000550964187327824,1,1
"Post-Mission","ASV_498",136,501.501860668716,0.000550964187327824,1,1
"Post-Mission","ASV_923",136,501.501860668716,0.000550964187327824,1,1
"Post-Mission","ASV_935",136,501.501860668716,0.000550964187327824,1,1
"Post-Mission","ASV_302",134,478.237033856772,0.000548847420417124,0.991546856155454,0.991546856155454
"Post-Mission","ASV_336",134,478.237033856772,0.000548847420417124,0.991546856155454,0.991546856155454
"Post-Mission","ASV_531",134,478.237033856772,0.000548847420417124,0.991546856155454,0.991546856155454
"Post-Mission","ASV_649",134,478.237033856772,0.000548847420417124,0.991546856155454,0.991546856155454
"Post-Mission","ASV_831",134,478.237033856772,0.000548847420417124,0.991546856155454,0.991546856155454
"Post-Mission","ASV_666",132,435.369527056487,0.000545851528384279,0.970771777364226,0.970771777364226
"Post-Mission","ASV_789",131,419.310140532033,0.000544959128065395,0.967587539306615,0.967587539306615
"Post-Mission","ASV_810",131,419.310140532033,0.000544959128065395,0.967587539306615,0.967587539306615
"Post-Mission","ASV_929",131,419.310140532033,0.000544959128065395,0.967587539306615,0.967587539306614
"Post-Mission","ASV_1320",131,419.310140532033,0.000544959128065395,0.967587539306615,0.967587539306614
"Post-Mission","ASV_234",131,395.409406471988,0.00054525627044711,0.969736498101183,0.969736498101183
"Post-Mission","ASV_273",131,395.409406471988,0.00054525627044711,0.969736498101183,0.969736498101183
"Post-Mission","ASV_307",131,395.409406471988,0.00054525627044711,0.969736498101183,0.969736498101183
"Post-Mission","ASV_456",131,395.409406471988,0.00054525627044711,0.969736498101183,0.969736498101183
"Post-Mission","ASV_564",131,395.409406471988,0.00054525627044711,0.969736498101183,0.969736498101183
"Post-Mission","ASV_632",131,395.409406471988,0.00054525627044711,0.969736498101183,0.969736498101183
"Post-Mission","ASV_656",131,395.409406471988,0.00054525627044711,0.969736498101183,0.969736498101183
"Post-Mission","ASV_738",131,395.409406471988,0.00054525627044711,0.969736498101183,0.969736498101183
"Post-Mission","ASV_901",131,395.409406471988,0.00054525627044711,0.969736498101183,0.969736498101183
"Post-Mission","ASV_937",131,395.409406471988,0.00054525627044711,0.969736498101183,0.969736498101183
"Pre-Mission","ASV_76",333,12798.2065130002,0.0011037527593819,0.834739317149583,0.834739317149582
"Pre-Mission","ASV_9",339,11148.2676975591,0.00111234705228031,0.797139146750623,0.797139146750622
"Pre-Mission","ASV_65",339,11148.2676975591,0.00111234705228031,0.797139146750623,0.797139146750622
"Pre-Mission","ASV_1",391,1912.25818260222,0.00117785630153121,1,1
"Pre-Mission","ASV_5",391,1912.25818260222,0.00117785630153121,1,1
"Pre-Mission","ASV_56",391,1912.25818260222,0.00117785630153121,1,1
"Pre-Mission","ASV_162",391,1912.25818260222,0.00117785630153121,1,1
"Pre-Mission","ASV_225",391,1912.25818260222,0.00117785630153121,1,1
"Pre-Mission","ASV_361",391,1912.25818260222,0.00117785630153121,1,1
"Pre-Mission","ASV_491",391,1912.25818260222,0.00117785630153121,1,1
"Pre-Mission","ASV_547",391,1912.25818260222,0.00117785630153121,1,1
"Pre-Mission","ASV_590",391,1912.25818260222,0.00117785630153121,1,1
"Pre-Mission","ASV_603",391,1912.25818260222,0.00117785630153121,1,1
"Pre-Mission","ASV_55",239,1902.28809989154,0.000999000999000999,0.175900627981807,0.175900627981805
"Pre-Mission","ASV_68",366,1790.42244163578,0.0011441647597254,0.964608075786343,0.964608075786342
"Pre-Mission","ASV_75",366,1790.42244163578,0.0011441647597254,0.964608075786343,0.964608075786342
"Pre-Mission","ASV_176",366,1790.42244163578,0.0011441647597254,0.964608075786343,0.964608075786342
"Pre-Mission","ASV_193",366,1790.42244163578,0.0011441647597254,0.964608075786343,0.964608075786342
"Pre-Mission","ASV_317",366,1790.42244163578,0.0011441647597254,0.964608075786343,0.964608075786342
"Pre-Mission","ASV_339",366,1790.42244163578,0.0011441647597254,0.964608075786343,0.964608075786342
"Pre-Mission","ASV_371",366,1790.42244163578,0.0011441647597254,0.964608075786343,0.964608075786342
"Pre-Mission","ASV_11",258,1569.55502129492,0.0010183299389002,0.241863816648838,0.241863816648836
"Pre-Mission","ASV_25",258,1569.55502129492,0.0010183299389002,0.241863816648838,0.241863816648836
"Pre-Mission","ASV_30",258,1569.55502129492,0.0010183299389002,0.241863816648838,0.241863816648836
"Pre-Mission","ASV_39",258,1569.55502129492,0.0010183299389002,0.241863816648838,0.241863816648836
"Pre-Mission","ASV_83",258,1569.55502129492,0.0010183299389002,0.241863816648838,0.241863816648836
"Pre-Mission","ASV_324",258,1569.55502129492,0.0010183299389002,0.241863816648838,0.241863816648836
"Pre-Mission","ASV_13",227,1519.15423515196,0.000989119683481701,0.70577990994715,0.70577990994715
"Pre-Mission","ASV_70",227,1519.15423515196,0.000989119683481701,0.70577990994715,0.70577990994715
"Pre-Mission","ASV_372",227,1519.15423515196,0.000989119683481701,0.70577990994715,0.70577990994715
"Pre-Mission","ASV_1519",227,1519.15423515196,0.000989119683481701,0.70577990994715,0.70577990994715
"Pre-Mission","ASV_14",302,987.699447536316,0.00106496272630458,0.315250404657224,0.315250404657222
"Pre-Mission","ASV_18",302,987.699447536316,0.00106496272630458,0.315250404657224,0.315250404657222
"Pre-Mission","ASV_19",302,987.699447536316,0.00106496272630458,0.315250404657224,0.315250404657222
"Pre-Mission","ASV_36",302,987.699447536316,0.00106496272630458,0.315250404657224,0.315250404657222
"Pre-Mission","ASV_52",302,987.699447536316,0.00106496272630458,0.315250404657224,0.315250404657222
"Pre-Mission","ASV_66",302,987.699447536316,0.00106496272630458,0.315250404657224,0.315250404657222
"Pre-Mission","ASV_69",302,987.699447536316,0.00106496272630458,0.315250404657224,0.315250404657222
"Pre-Mission","ASV_126",302,987.699447536316,0.00106496272630458,0.315250404657224,0.315250404657222
"Pre-Mission","ASV_260",302,987.699447536316,0.00106496272630458,0.315250404657224,0.315250404657222
"Pre-Mission","ASV_625",302,987.699447536316,0.00106496272630458,0.315250404657224,0.315250404657222
"Pre-Mission","ASV_3",316,946.697452902276,0.00108342361863489,0.390684503570744,0.390684503570742
"Pre-Mission","ASV_4",316,946.697452902276,0.00108342361863489,0.390684503570744,0.390684503570742
"Pre-Mission","ASV_17",316,946.697452902276,0.00108342361863489,0.390684503570744,0.390684503570742
"Pre-Mission","ASV_21",316,946.697452902276,0.00108342361863489,0.390684503570744,0.390684503570742
"Pre-Mission","ASV_28",316,946.697452902276,0.00108342361863489,0.390684503570744,0.390684503570742
"Pre-Mission","ASV_34",316,946.697452902276,0.00108342361863489,0.390684503570744,0.390684503570742
"Pre-Mission","ASV_42",316,946.697452902276,0.00108342361863489,0.390684503570744,0.390684503570742
"Pre-Mission","ASV_72",316,946.697452902276,0.00108342361863489,0.390684503570744,0.390684503570742
"Pre-Mission","ASV_108",316,946.697452902276,0.00108342361863489,0.390684503570744,0.390684503570742
