ASV_ID,importance
ASV_103,0.0077997717099537395
ASV_66,0.006996056128123009
ASV_30,0.006231850583903383
ASV_16,0.005881078885804649
ASV_94,0.0058251570025738735
ASV_625,0.005756149884438327
ASV_107,0.005580208094351233
ASV_75,0.005519129151613687
ASV_12,0.005413294908818524
ASV_22,0.005409054723278311
ASV_340,0.005373594618715229
ASV_42,0.004965342250780148
ASV_114,0.004919726893901886
ASV_590,0.004868251939531222
ASV_74,0.004799432531193457
ASV_24,0.004773274266390229
ASV_11,0.004742856670068556
ASV_163,0.004659415828850816
ASV_129,0.0044539737325835745
ASV_9,0.004163771667593232
ASV_908,0.004133396491968414
ASV_361,0.004039632904377044
ASV_4,0.004034964886756423
ASV_827,0.0037961867836654325
ASV_222,0.0037912358928054372
ASV_174,0.003734873959193185
ASV_79,0.003717982389406026
ASV_38,0.003679296062125503
ASV_23,0.003667773454622003
ASV_65,0.003667016925141452
ASV_259,0.0035916962395745942
ASV_14,0.0035833621644871375
ASV_424,0.00357409829164603
ASV_78,0.003573018594856118
ASV_491,0.003564511081296437
ASV_81,0.0035170726711986106
ASV_25,0.0033628370196179206
ASV_63,0.003359436561354772
ASV_323,0.0032606401270799308
ASV_153,0.0032441017998317313
ASV_206,0.0032308109482601347
ASV_1117,0.003190302929315994
ASV_220,0.003183253306522542
ASV_1,0.003177490078843529
ASV_92,0.003176178906994622
ASV_201,0.0031669652637701957
ASV_339,0.0031560690055790945
ASV_162,0.00315082524444984
ASV_6,0.0031327025448311206
ASV_85,0.003114845811392973
ASV_464,0.003072889082572913
ASV_581,0.0030466674572172557
ASV_31,0.0030382066616804655
ASV_105,0.0030206059477944974
ASV_43,0.0029703321974460235
ASV_160,0.00294089812396773
ASV_122,0.0029258453058056567
ASV_283,0.0029174983680821695
ASV_47,0.0028827424137071425
ASV_388,0.0028810733415755682
ASV_101,0.002877263697470582
ASV_304,0.0028724542960418503
ASV_308,0.002862653452407039
ASV_19,0.0028410983393566684
ASV_161,0.0027592824676093883
ASV_3,0.002757912675666616
ASV_56,0.0027256616157609556
ASV_62,0.0027232276026799783
ASV_5,0.00271173939809648
ASV_303,0.002710059884837302
ASV_166,0.002668859775629225
ASV_1232,0.0026097268193310693
ASV_7,0.0026016093189454147
ASV_149,0.002599844895297856
ASV_21,0.0025717504110721527
ASV_52,0.002560444221204595
ASV_603,0.0025138231679251327
ASV_514,0.002508069181952174
ASV_90,0.002503437894694618
ASV_133,0.0025009961052904137
ASV_72,0.002500244408434504
ASV_170,0.002499165390082014
ASV_76,0.002460511210812599
ASV_242,0.002458719573162601
ASV_321,0.00244976769141468
ASV_86,0.002443623427972381
ASV_178,0.0024416695182411315
ASV_243,0.0024145642397477825
ASV_529,0.0024108009548664197
ASV_123,0.0024020830285755904
ASV_205,0.0023968738086483114
ASV_554,0.0023947124105077183
ASV_126,0.0023758788082308972
ASV_49,0.0023368200344289366
ASV_68,0.002334825615009513
ASV_2,0.0023288580788506834
ASV_136,0.0023172161858796545
ASV_167,0.002294208622874002
ASV_53,0.0022663064488978603
ASV_533,0.002244965703633688
ASV_202,0.0022420509690585376
ASV_150,0.0022359018223317003
ASV_390,0.0021954226580503536
ASV_55,0.0021945338003978663
ASV_314,0.0021589292412636726
ASV_108,0.002151460678546742
ASV_40,0.002135478522253298
ASV_28,0.002133132802707781
ASV_494,0.002107485563276209
ASV_54,0.002101668917767338
ASV_41,0.002097173601448744
ASV_420,0.0020849806840123474
ASV_200,0.002084029242265546
ASV_488,0.00207612798287399
ASV_151,0.002066582078893877
ASV_37,0.002064055599096918
ASV_18,0.0020578952013013975
ASV_928,0.0020492594493514995
ASV_350,0.0020479399411161433
ASV_244,0.0020412279888712462
ASV_230,0.0020231258258128766
ASV_261,0.0020104229252838847
ASV_1519,0.0020075120949792913
ASV_330,0.002000932995841911
ASV_547,0.001994656425208881
ASV_371,0.001989627596429503
ASV_137,0.0019836022783474194
ASV_338,0.0019647177280560247
ASV_182,0.0019587984183405335
ASV_134,0.001933091888291122
ASV_145,0.0019282005475822074
ASV_211,0.0019041803992180906
ASV_181,0.001899140889762952
ASV_382,0.0018972752404713676
ASV_15,0.0018959957707346657
ASV_324,0.0018924338087046451
ASV_513,0.0018855511209710444
ASV_99,0.001879634698071828
ASV_50,0.0018753549740351803
ASV_210,0.0018741206612467132
ASV_44,0.001842171570643593
ASV_116,0.001840476026570716
ASV_34,0.0018401459928782248
ASV_262,0.0018394280484250573
ASV_434,0.001837155432189451
ASV_411,0.0018334669818571854
ASV_109,0.0018302670964270417
ASV_260,0.001812202780966902
ASV_192,0.0018099546791806892
ASV_1242,0.0018014152250452897
ASV_650,0.001779942956796772
ASV_282,0.0017779910127208713
ASV_483,0.0017622585932794402
ASV_224,0.0017576576244290605
ASV_97,0.0017347118771831578
ASV_368,0.0017224792972583473
ASV_69,0.001707795105442379
ASV_543,0.0016998791574308438
ASV_152,0.0016916984409182873
ASV_636,0.0016914587896067707
ASV_59,0.0016712839460646966
ASV_335,0.001667294415940021
ASV_77,0.0016661629885237053
ASV_216,0.0016298809444951683
ASV_87,0.0016146281483230775
ASV_315,0.0016078149977581146
ASV_232,0.001587639959231654
ASV_441,0.0015864617783176872
ASV_225,0.0015801259053080299
ASV_83,0.0015778434180948849
ASV_176,0.0015741006433903568
ASV_623,0.0015647118295984252
ASV_401,0.0015569882709319414
ASV_278,0.0015542344541961575
ASV_193,0.0015230589786809252
ASV_313,0.0015197254025699574
ASV_620,0.0015087188928864595
ASV_248,0.001499919560102311
ASV_180,0.0014949707653864669
ASV_89,0.0014925777825350124
ASV_135,0.0014814317475656765
ASV_238,0.001478149602359138
ASV_385,0.0014705840593206968
ASV_769,0.0014666400690702065
ASV_791,0.0014656937233236268
ASV_1811,0.0014546520393754689
ASV_165,0.0014480009414811021
ASV_687,0.0014424007959511305
ASV_198,0.0014400249717999765
ASV_10,0.0014307881579887737
ASV_20,0.001426909550810725
ASV_493,0.0014196365111262715
ASV_548,0.0014079653156407936
ASV_505,0.001406864985486166
ASV_354,0.001405977355121617
ASV_419,0.0014043952539424481
ASV_550,0.0013896855259703457
ASV_1372,0.0013885023907297944
ASV_562,0.0013617987886006897
ASV_58,0.0013504145270515767
ASV_756,0.0013495992244742041
ASV_297,0.001346864867491853
ASV_415,0.0013304955939965582
ASV_219,0.0013292130026662835
ASV_345,0.0013231050794784275
ASV_820,0.0013213397980196694
ASV_252,0.0013150555634578148
ASV_36,0.0013144654113754178
ASV_301,0.0013054447079188214
ASV_132,0.001303612320848472
ASV_560,0.0013006276714861286
ASV_1133,0.0012917064704000437
ASV_1153,0.0012909897434826862
ASV_433,0.0012901718477107828
ASV_799,0.0012901615163075156
ASV_900,0.0012870526183977123
ASV_288,0.0012869712589515094
ASV_398,0.0012801783786172568
ASV_425,0.0012644504677575175
ASV_2193,0.00125982517152798
ASV_64,0.0012514101036781328
ASV_803,0.0012336476406861992
ASV_991,0.0012253673709669297
ASV_172,0.0012249956692063624
ASV_416,0.0012244444051146236
ASV_118,0.0012140017685572547
ASV_2642,0.001212528722913402
ASV_379,0.0012073797439482187
ASV_660,0.0011988048736278143
ASV_639,0.0011967566931925927
ASV_1019,0.0011856375479798273
ASV_112,0.0011767600968402517
ASV_576,0.001175880979116974
ASV_279,0.0011756802165720998
ASV_39,0.0011752464432624855
ASV_80,0.0011730041973162207
ASV_13,0.001165923610213347
ASV_289,0.0011656656556851587
ASV_961,0.0011591285951252299
ASV_267,0.0011539516547486256
ASV_680,0.0011439804110843865
ASV_1145,0.0011419228662132752
ASV_349,0.001139811734087244
ASV_559,0.0011355465472565748
ASV_93,0.0011248106518752898
ASV_609,0.0011247918349421547
ASV_440,0.0011236075502523764
ASV_141,0.001110959842483728
ASV_393,0.0011106212885696166
ASV_1628,0.001103915398790148
ASV_125,0.0011037638112068445
ASV_386,0.0010984179804928386
ASV_138,0.0010971260840227273
ASV_318,0.001093571773144746
ASV_524,0.001092277286409065
ASV_1274,0.0010920982563628668
ASV_460,0.0010908722249686226
ASV_471,0.0010795692003516275
ASV_8,0.0010795577606854748
ASV_27,0.001079057420987898
ASV_317,0.0010782060158314847
ASV_541,0.001078196835221533
ASV_450,0.001077081041717426
ASV_389,0.001071826964977917
ASV_1173,0.001068525001406633
ASV_638,0.0010653253151509884
ASV_448,0.0010642264053369623
ASV_476,0.001063688996048987
ASV_438,0.0010630999036883638
ASV_1312,0.0010624217155906172
ASV_158,0.001061237792305845
ASV_919,0.0010611963338360928
ASV_127,0.0010564841258883322
ASV_275,0.0010525851663056149
ASV_824,0.0010500452972147269
ASV_298,0.0010486952725095313
ASV_104,0.0010483759526268659
ASV_412,0.001044305967534849
ASV_449,0.0010386045169179178
ASV_352,0.0010346508977087674
ASV_45,0.001026267274552842
ASV_154,0.0010260469214956867
ASV_1580,0.0010255371325652498
ASV_183,0.0010243423003388056
ASV_1598,0.0010240167619531499
ASV_322,0.0010205416607083143
ASV_1537,0.001019593771604336
ASV_362,0.001017010547170081
ASV_17,0.0010131992125648223
ASV_124,0.0010071091028318415
ASV_231,0.0009998761412904962
ASV_975,0.0009971217991088049
ASV_484,0.0009953067892547374
ASV_51,0.0009937146058638607
ASV_33,0.0009931048528966817
ASV_700,0.0009878035068707084
ASV_1514,0.0009834991267334329
ASV_346,0.0009825004324346836
ASV_32,0.0009719553016458209
ASV_822,0.0009683209588254026
ASV_366,0.0009672084479199497
ASV_46,0.0009657624892055147
ASV_469,0.00096456129974387
ASV_1088,0.0009645494636169891
ASV_258,0.0009639173636177882
ASV_501,0.0009613937175094928
ASV_395,0.0009608009956742089
ASV_1103,0.0009593627816411785
ASV_100,0.0009427015853880944
ASV_648,0.0009417012564026536
ASV_601,0.0009407648460421206
ASV_605,0.0009405756204158097
ASV_508,0.0009296364216902668
ASV_665,0.0009290528369548743
ASV_937,0.0009162975985828929
ASV_565,0.0009099150670082249
ASV_239,0.0009090198494153855
ASV_1030,0.0009032824890635964
ASV_566,0.0009019556854902532
ASV_111,0.0009016571281648042
ASV_233,0.0009007978805010594
ASV_329,0.0008996284497134332
ASV_770,0.0008985751918093915
ASV_698,0.0008963738455722942
ASV_82,0.0008897815820486164
ASV_507,0.0008897501945709948
ASV_271,0.0008895984023713868
ASV_676,0.0008894567055871568
ASV_1256,0.0008808079235145574
ASV_557,0.0008737015493679383
ASV_1047,0.0008710745606679695
ASV_221,0.000870902564302126
ASV_186,0.0008689664469616028
ASV_722,0.0008614574004697664
ASV_173,0.0008607612409952201
ASV_228,0.0008586444000436122
ASV_1695,0.0008585384546509194
ASV_35,0.000858316983623022
ASV_599,0.0008541040601125436
ASV_128,0.0008532594286088241
ASV_535,0.0008477335237498984
ASV_142,0.0008476150543698537
ASV_496,0.0008443829166608601
ASV_290,0.0008443618884360489
ASV_146,0.0008428394741536633
ASV_934,0.0008364972825649303
ASV_299,0.0008358110367757177
ASV_356,0.0008356340582536883
ASV_891,0.000827896265916138
ASV_247,0.0008276790279619885
ASV_363,0.0008223549964859762
ASV_294,0.0008222199660905304
ASV_503,0.0008222117817212813
ASV_418,0.0008211609759416556
ASV_446,0.0008202186251581533
ASV_1371,0.0008193229235902597
ASV_475,0.0008181517776930687
ASV_558,0.0008170326869201023
ASV_263,0.0008159934034857122
ASV_645,0.0008150387301837039
ASV_73,0.0008138201741105264
ASV_520,0.0008108608187672481
ASV_589,0.0008060994540850351
ASV_646,0.0008043925156743382
ASV_343,0.0007977493737410722
ASV_286,0.0007969624050020485
ASV_818,0.000794683610723824
ASV_270,0.0007921317978411153
ASV_933,0.0007914668641069284
ASV_319,0.0007893262634863296
ASV_2497,0.0007884870046471091
ASV_612,0.000786041625180514
ASV_696,0.0007845430558041999
ASV_48,0.0007776166609212755
ASV_351,0.0007699454567810971
ASV_845,0.0007697508048184248
ASV_207,0.000768651342699293
ASV_344,0.0007626131787281858
ASV_463,0.0007605144352090717
ASV_140,0.0007602343595347982
ASV_1158,0.0007555934304399414
ASV_1040,0.0007542438418062827
ASV_168,0.0007517588007221778
ASV_130,0.0007494689924080237
ASV_941,0.0007462807547094089
ASV_793,0.0007449784614509185
ASV_437,0.00074445216528558
ASV_203,0.000744147147312454
ASV_402,0.0007441430264896287
ASV_671,0.0007416208189468241
ASV_909,0.0007408715925602574
ASV_659,0.0007406290154534365
ASV_964,0.0007373344186182394
ASV_409,0.0007355556028682883
ASV_408,0.0007337235863377389
ASV_88,0.0007335640549838504
ASV_384,0.0007322355568929721
ASV_647,0.0007318271008377832
ASV_465,0.0007298160619529952
ASV_1108,0.000727216370016182
ASV_886,0.000726351787609672
ASV_2640,0.0007209275955123963
ASV_748,0.0007199612648109237
ASV_212,0.0007194294142874629
ASV_686,0.0007171230402417624
ASV_544,0.0007127853569120998
ASV_292,0.0007098873990635745
ASV_237,0.0007083492308471965
ASV_727,0.0007071901131992611
ASV_591,0.0007065862277760858
ASV_802,0.0007064653645384676
ASV_899,0.0007026905643212964
ASV_853,0.0007007738005695215
ASV_1460,0.000700698027915984
ASV_443,0.000698165715857505
ASV_98,0.0006971536083418963
ASV_474,0.0006970808725466622
ASV_786,0.0006932177484461403
ASV_1272,0.000689850886819398
ASV_481,0.0006871436453421315
ASV_708,0.0006841830904002132
ASV_1302,0.0006834665416820819
ASV_2645,0.0006831647142322273
ASV_725,0.0006809373670208399
ASV_516,0.0006801394813026856
ASV_2020,0.0006792411094943049
ASV_487,0.0006753959091487118
ASV_70,0.0006736110702905291
ASV_1579,0.0006714158614194878
ASV_892,0.0006634829810564429
ASV_306,0.0006620015363140395
ASV_783,0.0006618757234103879
ASV_785,0.000659376120649799
ASV_144,0.0006548362155202387
ASV_328,0.0006544095069304786
ASV_374,0.0006475746672156291
ASV_236,0.0006449743984386229
ASV_694,0.0006438079515916476
ASV_621,0.0006402209564148473
ASV_511,0.0006374288494745866
ASV_552,0.0006361692664009289
ASV_816,0.0006336624851068036
ASV_2644,0.00063328624963615
ASV_2820,0.0006316533167241662
ASV_764,0.0006303599219730686
ASV_1279,0.0006293795692450154
ASV_497,0.0006289019396456252
ASV_281,0.000627267861885062
ASV_863,0.0006267288187179412
ASV_1097,0.0006263581987872037
ASV_731,0.0006259095406778327
ASV_1190,0.0006235114394115307
ASV_1137,0.0006219056663568925
ASV_851,0.0006201133750113064
ASV_209,0.0006199491024336388
ASV_813,0.0006199416235818113
ASV_606,0.0006196653554391109
ASV_451,0.0006184874420195516
ASV_355,0.0006167352105312115
ASV_188,0.0006166700078872619
ASV_849,0.0006113968000723729
ASV_57,0.0006068286174947782
ASV_2646,0.0006064583118980386
ASV_805,0.000605624779350949
ASV_373,0.0006055493113086127
ASV_1048,0.0006036103643028223
ASV_327,0.0006003343040717213
ASV_284,0.0005976660469083875
ASV_957,0.0005969643636182908
ASV_227,0.0005939987131191152
ASV_1199,0.0005902676247954234
ASV_334,0.0005897386784600808
ASV_615,0.0005891208873289707
ASV_194,0.000580933972293084
ASV_690,0.0005794742386731308
ASV_407,0.0005794481401683639
ASV_305,0.0005734074993337205
ASV_455,0.0005731701507851606
ASV_904,0.0005725186485975026
ASV_875,0.0005711977503137578
ASV_1122,0.0005693512576672142
ASV_1012,0.0005646076407124839
ASV_486,0.0005642719581759054
ASV_1463,0.0005639036494139815
ASV_95,0.0005629572608178607
ASV_254,0.0005609972913323229
ASV_444,0.000558630892235441
ASV_199,0.0005583012880438685
ASV_837,0.0005562370467534485
ASV_454,0.0005543727651358566
ASV_842,0.0005539631542743618
ASV_2639,0.0005538241825528231
ASV_1130,0.0005533341240338648
ASV_1050,0.0005524764371005351
ASV_740,0.0005517708603898897
ASV_360,0.0005515562623529131
ASV_1146,0.0005513777692178892
ASV_251,0.0005509308287017025
ASV_197,0.0005495493954641825
ASV_1112,0.0005486321464142601
ASV_300,0.0005437867749625145
ASV_1255,0.0005435598900888039
ASV_423,0.0005408145107671393
ASV_147,0.000537531388002849
ASV_253,0.0005361664166847033
ASV_2641,0.0005355992550702908
ASV_215,0.0005355838133655331
ASV_1002,0.0005350009706651073
ASV_458,0.0005345892263559914
ASV_264,0.0005322138351206446
ASV_447,0.0005311059525947552
ASV_577,0.0005298333913169232
ASV_223,0.0005296555000121106
ASV_272,0.0005217381320560064
ASV_214,0.000520531464157711
ASV_246,0.0005203215289540888
ASV_575,0.0005187563346422347
ASV_91,0.000515898229405966
ASV_675,0.0005130864267186563
ASV_453,0.0005129786068250706
ASV_84,0.0005107171484967659
ASV_903,0.0005083952224640325
ASV_947,0.0005081117690105519
ASV_119,0.0005053242044845546
ASV_766,0.0005043041111040638
ASV_495,0.000503760322048316
ASV_187,0.0005035922067722503
ASV_1358,0.0005035479675883566
ASV_720,0.0005003379467684748
ASV_417,0.0004982016711643522
ASV_762,0.0004967658874393874
ASV_1273,0.0004963884224797749
ASV_866,0.000495715714008827
ASV_189,0.0004944218529636656
ASV_482,0.0004942130737779958
ASV_293,0.0004920298872950967
ASV_517,0.0004883980583072771
ASV_614,0.0004877197629029711
ASV_569,0.00048747555839370217
ASV_1221,0.00048657459148984255
ASV_1207,0.0004863827385162853
ASV_736,0.00048476678581045677
ASV_1066,0.00048343162035563414
ASV_1526,0.00048259341660403265
ASV_938,0.0004825527893990292
ASV_241,0.00048145106102228985
ASV_950,0.0004806188856711113
ASV_658,0.0004800199656501434
ASV_753,0.0004793140475290462
ASV_993,0.0004774945375059165
ASV_452,0.00047612781632806224
ASV_841,0.0004759572942961465
ASV_887,0.00047469737640541763
ASV_572,0.00047157676566983605
ASV_1148,0.0004710135893844128
ASV_724,0.0004682987834050036
ASV_470,0.0004679627312119698
ASV_191,0.0004678960649679192
ASV_2643,0.00046785403433802366
ASV_714,0.00046674995835575985
ASV_894,0.00046631699443704794
ASV_893,0.00046616780834796606
ASV_61,0.0004654825625084659
ASV_1064,0.00046537842142117255
ASV_400,0.0004641953983222926
ASV_184,0.0004633070233789228
ASV_1610,0.0004619351451671203
ASV_421,0.000461509485528636
ASV_840,0.0004608277797850049
ASV_1435,0.0004585588594056118
ASV_1017,0.00045844260262944156
ASV_695,0.00045788817458972824
ASV_217,0.0004566297468524929
ASV_60,0.00045635877674071745
ASV_287,0.00045412876181924694
ASV_422,0.00044997650129277236
ASV_404,0.00044942071112364284
ASV_392,0.0004483011727930347
ASV_586,0.0004476233199166957
ASV_946,0.00044691051873949105
ASV_954,0.0004454020176922201
ASV_974,0.000445093804726398
ASV_102,0.0004434716705500002
ASV_372,0.0004405366089642552
ASV_596,0.0004401405034028008
ASV_1388,0.00043954971672971715
ASV_121,0.0004385215077378523
ASV_595,0.0004380609318216103
ASV_812,0.0004372815089642718
ASV_688,0.0004354671801749704
ASV_643,0.00043514920990531456
ASV_2495,0.00043447480780548186
ASV_235,0.00043101163690407285
ASV_156,0.00043027940928770046
ASV_685,0.00042956524147442777
ASV_879,0.0004291931384919425
ASV_653,0.0004290747968437554
ASV_157,0.00042887957804076327
ASV_677,0.00042838251471735906
ASV_717,0.00042829306148251613
ASV_808,0.00042825689704797156
ASV_427,0.00042759495992489895
ASV_1129,0.0004267813957596554
ASV_613,0.0004250519123025771
ASV_1135,0.0004234508617861446
ASV_920,0.00042280074449829264
ASV_2192,0.0004225977045855708
ASV_479,0.00042075092438793887
ASV_498,0.00041872133738680674
ASV_1004,0.00041735216548948725
ASV_394,0.00041718309656899017
ASV_1150,0.00041530789434756667
ASV_332,0.0004148157762252932
ASV_456,0.0004127358398607437
ASV_905,0.0004124008422770804
ASV_358,0.0004109054482165367
ASV_120,0.0004103895945584376
ASV_509,0.00040870525316069736
ASV_1003,0.0004085063749133749
ASV_876,0.0004065436719458281
ASV_898,0.00040459450182328495
ASV_376,0.00040255657335736163
ASV_1071,0.00040243301224453866
ASV_583,0.0004013454878794326
ASV_377,0.0004010578209655933
ASV_528,0.00040027450835496175
ASV_631,0.00039996720406893166
ASV_115,0.00039965607650769056
ASV_369,0.00039952774730847405
ASV_399,0.00039823830130703773
ASV_499,0.0003976099426587885
ASV_359,0.00039710990271609153
ASV_1014,0.0003969886630263653
ASV_1197,0.0003968918483484821
ASV_704,0.00039595656850403463
ASV_955,0.00039431371358155607
ASV_679,0.0003942567778605628
ASV_882,0.00039347566665298115
ASV_1033,0.0003930388875960426
ASV_570,0.0003927246862131185
ASV_396,0.0003924377754429374
ASV_473,0.0003917467006413643
ASV_414,0.0003910713562285156
ASV_1167,0.0003909421640119255
ASV_164,0.00039087328975235896
ASV_370,0.00038930305219075516
ASV_854,0.0003886373316601211
ASV_852,0.00038844491304521604
ASV_787,0.0003881430351138449
ASV_1625,0.0003876626845190129
ASV_274,0.00038721888733116383
ASV_1000,0.0003868831339165466
ASV_703,0.00038545626389761194
ASV_602,0.00038437374777601117
ASV_510,0.00038227167538719924
ASV_996,0.00038221299133453225
ASV_587,0.00038094709326898544
ASV_1222,0.00038073978979184965
ASV_29,0.0003804825295115851
ASV_709,0.00037906341504487554
ASV_295,0.00037873260984967115
ASV_429,0.0003782307457520269
ASV_782,0.0003776916232008617
ASV_431,0.0003774793910647837
ASV_608,0.00037731458903156665
ASV_760,0.0003769541790786484
ASV_1024,0.00037662889168799124
ASV_26,0.00037657386395762826
ASV_588,0.00037500384007396807
ASV_835,0.0003741563997693881
ASV_757,0.0003734436474881756
ASV_1111,0.0003730273413571964
ASV_877,0.00037230644607491527
ASV_208,0.00037189124015633493
ASV_255,0.0003708082422513697
ASV_735,0.00037061345894139953
ASV_177,0.0003690956714165215
ASV_325,0.00036878618995579525
ASV_913,0.0003662856507010582
ASV_1280,0.0003656592941291231
ASV_1449,0.0003655217770691653
ASV_96,0.00036513682597367396
ASV_532,0.00036383063411009954
ASV_1257,0.00036353041375230134
ASV_179,0.0003621739041826092
ASV_628,0.0003617293563397512
ASV_968,0.00036159969463157594
ASV_551,0.0003597790748745031
ASV_726,0.00035972158042565434
ASV_1456,0.00035900616430139534
ASV_480,0.00035887913227215324
ASV_518,0.0003584864113320308
ASV_190,0.00035778201101431176
ASV_834,0.0003568464953276373
ASV_737,0.00035676304731002673
ASV_1035,0.0003564271958255456
ASV_1239,0.0003563978567148384
ASV_817,0.0003544520073236831
ASV_568,0.00035424115665081817
ASV_597,0.0003535595817924436
ASV_750,0.00035346711347981284
ASV_492,0.0003527904677769172
ASV_1069,0.0003527359114194533
ASV_530,0.0003523582304619405
ASV_2194,0.0003505634904937868
ASV_580,0.0003496416911117278
ASV_1399,0.00034883428636897537
ASV_67,0.0003487058720705317
ASV_1324,0.000348614593525855
ASV_268,0.00034742135937318957
ASV_1228,0.0003446270732030173
ASV_1191,0.0003431737767706866
ASV_71,0.0003416792932844683
ASV_916,0.00034110709099721226
ASV_2816,0.00033898664021777267
ASV_962,0.0003387792060533181
ASV_1080,0.00033839819099564487
ASV_836,0.00033817429443958725
ASV_143,0.0003363641800230466
ASV_1278,0.0003345893709071945
ASV_728,0.000334546131716838
ASV_426,0.00033435870161654523
ASV_1550,0.0003342476120234054
ASV_273,0.00033385860647886987
ASV_915,0.00033373712040319964
ASV_678,0.00033207910106147537
ASV_1350,0.00033069036798632036
ASV_616,0.0003305388767302898
ASV_1591,0.00033025648247851517
ASV_1375,0.0003299783665979419
ASV_462,0.0003294699039404292
ASV_985,0.0003280786009732103
ASV_792,0.0003279659727977504
ASV_1296,0.00032781179932401714
ASV_971,0.0003248225945654793
ASV_276,0.00032319812349847443
ASV_564,0.00032286459844565123
ASV_888,0.0003228535626319923
ASV_592,0.0003226952959972129
ASV_250,0.0003224988128192853
ASV_155,0.00032110364719639044
ASV_468,0.00031891826444509577
ASV_966,0.0003184711258569947
ASV_839,0.0003167863029485385
ASV_738,0.00031560673380974616
ASV_796,0.00031497753406274534
ASV_754,0.0003135079703635492
ASV_2191,0.00031342025278683987
ASV_337,0.00031286429387219523
ASV_175,0.00031273307476488443
ASV_2276,0.0003123836406625572
ASV_1034,0.00031187951338735063
ASV_1387,0.0003111455072100953
ASV_1234,0.0003103397033372365
ASV_131,0.0003095344728843394
ASV_567,0.00030942235723486474
ASV_828,0.0003085023831213554
ASV_1018,0.00030797444874388204
ASV_1236,0.0003054125795205769
ASV_536,0.00030504329644941435
ASV_1098,0.0003049225710126407
ASV_1295,0.00030343472315929075
ASV_1059,0.000301018579247601
ASV_1120,0.00030001515711531885
ASV_885,0.00029939740684163386
ASV_1247,0.00029895890167346023
ASV_113,0.00029874855779214114
ASV_979,0.00029842018395804246
ASV_526,0.00029776167580597993
ASV_1091,0.000297672999147481
ASV_1440,0.0002966652119449657
ASV_850,0.0002966572430683044
ASV_573,0.0002956858143383119
ASV_364,0.0002955299625475703
ASV_1327,0.0002954350979173311
ASV_2549,0.0002950488552359481
ASV_1037,0.0002948682360903983
ASV_1298,0.00029425316621301976
ASV_556,0.0002940854503168124
ASV_897,0.00029403239979088454
ASV_669,0.0002935537930682206
ASV_1009,0.00029351198611501174
ASV_310,0.0002934010704836004
ASV_847,0.00029248758165072056
ASV_1058,0.00029230673863587603
ASV_652,0.000291254555473812
ASV_307,0.0002909111505007549
ASV_522,0.00029022972982310747
ASV_1604,0.0002902090302361816
ASV_1292,0.00029017528617610434
ASV_988,0.000290100399549837
ASV_874,0.00029009340331007084
ASV_655,0.0002899126794326277
ASV_1244,0.0002894738504842506
ASV_563,0.00028880921113665694
ASV_302,0.00028844893328650967
ASV_196,0.00028791108455139905
ASV_939,0.00028708391832811824
ASV_811,0.00028684960323954793
ASV_692,0.00028682973637640284
ASV_926,0.0002862578513792714
ASV_1087,0.0002856844205284947
ASV_1189,0.000285565306998977
ASV_622,0.0002854957173287222
ASV_245,0.0002833712402855651
ASV_932,0.00028267606183081227
ASV_442,0.00028104987392968926
ASV_1556,0.0002808487814812287
ASV_579,0.00028069635556193665
ASV_641,0.0002800584693697965
ASV_721,0.00027901806103040606
ASV_990,0.000277882137764156
ASV_171,0.0002776999926905012
ASV_719,0.00027689478868575047
ASV_2629,0.00027580307010045634
ASV_1245,0.0002746532326833893
ASV_673,0.00027438846969768475
ASV_906,0.00027411008422544383
ASV_1233,0.00027394435249227157
ASV_1198,0.00027322383749729635
ASV_986,0.0002731869143475389
ASV_1451,0.0002717685849858625
ASV_291,0.00027173014531823485
ASV_249,0.0002716378882383656
ASV_982,0.000271348482271819
ASV_1206,0.0002706456992180055
ASV_435,0.0002703982397336464
ASV_761,0.00026988967876138796
ASV_1141,0.000269141003645917
ASV_504,0.0002688540237880361
ASV_110,0.00026750638789550476
ASV_1125,0.00026708982470895215
ASV_1166,0.0002661669622374979
ASV_1227,0.0002655962006244129
ASV_1571,0.00026548483980194177
ASV_265,0.0002648040722007208
ASV_549,0.0002624888401046634
ASV_257,0.0002614716225675787
ASV_2631,0.00026087825830527076
ASV_406,0.00025959687449674733
ASV_512,0.0002593774820374345
ASV_942,0.0002592996255755148
ASV_1028,0.0002585524614666354
ASV_277,0.0002584389934892422
ASV_914,0.0002579755745930796
ASV_657,0.0002577573045994031
ASV_485,0.00025758711189974304
ASV_809,0.0002567891723354036
ASV_296,0.000256366480538516
ASV_969,0.0002558738094973587
ASV_1149,0.0002556610980746191
ASV_1086,0.00025494334141780623
ASV_743,0.00025238160166502795
ASV_989,0.0002521605988914409
ASV_843,0.0002518500457354734
ASV_865,0.0002517350636246026
ASV_527,0.0002514400519525854
ASV_1305,0.0002508504969036186
ASV_2815,0.00025003612970396467
ASV_240,0.0002498100649806631
ASV_807,0.0002492768019538234
ASV_1016,0.000248499381068395
ASV_326,0.0002476831199895426
ASV_1821,0.0002475238776215587
ASV_1268,0.0002466350178176241
ASV_1276,0.00024628539868496075
ASV_701,0.0002462779425984229
ASV_980,0.00024622589039544675
ASV_960,0.00024618964875531223
ASV_365,0.00024513003130924554
ASV_357,0.0002448084334481339
ASV_610,0.0002447539538725337
ASV_654,0.00024449510129053944
ASV_1195,0.0002426729985387496
ASV_794,0.0002425009402253014
ASV_515,0.00024225137065001816
ASV_598,0.00024133744430652465
ASV_367,0.00024112377407852815
ASV_226,0.0002408033733231721
ASV_2548,0.00024049304561971386
ASV_600,0.0002396125944832742
ASV_578,0.0002394858596858981
ASV_917,0.00023930374233454267
ASV_931,0.00023922699284718355
ASV_855,0.00023898654887925347
ASV_1216,0.00023715381998002977
ASV_681,0.00023656546091571385
ASV_1253,0.00023625102803620808
ASV_309,0.00023550606575498866
ASV_1367,0.00023495518118869907
ASV_775,0.00023485040388732443
ASV_1045,0.0002348158799148958
ASV_1041,0.00023458576418679608
ASV_218,0.00023433576816459556
ASV_539,0.0002341714582410751
ASV_880,0.00023291957346402447
ASV_1060,0.00023262659282925356
ASV_1254,0.00023252006775065193
ASV_1212,0.00023223578580064636
ASV_715,0.0002320113891077053
ASV_978,0.00023163774015562774
ASV_767,0.0002309951506193686
ASV_1011,0.00023093380639260512
ASV_531,0.0002297194800944659
ASV_439,0.00022937548654148883
ASV_619,0.0002289930042688928
ASV_1074,0.00022856000272049654
ASV_2275,0.00022848285818265478
ASV_445,0.00022683984753160734
ASV_859,0.00022672021066707016
ASV_204,0.00022620967091751436
ASV_266,0.00022611426552869712
ASV_1611,0.00022603399830059485
ASV_958,0.00022565015121310845
ASV_644,0.00022431315970785075
ASV_1880,0.0002234899656332262
ASV_1301,0.00022310775476521355
ASV_637,0.00022295470956452032
ASV_661,0.00022280362882177928
ASV_341,0.0002216109094982684
ASV_1360,0.00022155217442380715
ASV_391,0.00022128290461289916
ASV_1269,0.00022124604894725174
ASV_1208,0.00022115223530277213
ASV_269,0.00022099475318553542
ASV_457,0.00022050431017415432
ASV_148,0.0002203533752986872
ASV_1209,0.00022012650087945007
ASV_733,0.0002191239642819798
ASV_821,0.00021850371407384803
ASV_742,0.0002181394578322512
ASV_902,0.00021782661550143808
ASV_630,0.0002176243005428302
ASV_353,0.00021722406533759497
ASV_629,0.00021720497347859009
ASV_1402,0.00021700155260252345
ASV_1118,0.00021694080297118934
ASV_1491,0.00021614760856357063
ASV_1517,0.00021525747375861028
ASV_1134,0.00021518269063309852
ASV_1665,0.00021508811279423218
ASV_312,0.000215027561426192
ASV_336,0.00021392427054739042
ASV_949,0.0002137767314412619
ASV_779,0.00021260401172108783
ASV_873,0.00021252982844261655
ASV_1642,0.00021205047764854358
ASV_1169,0.00021167409084775135
ASV_1180,0.00021145849306615177
ASV_106,0.00021113568989838982
ASV_1504,0.00021067861564272243
ASV_1320,0.0002097197892057851
ASV_1337,0.00020946871117530453
ASV_998,0.00020910158523127425
ASV_1617,0.0002083498045415245
ASV_1183,0.0002083222264507687
ASV_1049,0.00020745720435917032
ASV_195,0.00020698861447356577
ASV_375,0.000206877001825099
ASV_347,0.00020677172239528274
ASV_466,0.00020665691137974895
ASV_1006,0.00020648967884231173
ASV_1205,0.00020647445617126767
ASV_910,0.0002061528817857808
ASV_2627,0.0002055187580196821
ASV_936,0.00020542179867357688
ASV_1032,0.0002046731218473237
ASV_378,0.00020408298893614496
ASV_1261,0.00020366228077744374
ASV_983,0.0002035278522617441
ASV_830,0.00020339705779904218
ASV_759,0.00020307852501199195
ASV_1427,0.00020296060844072
ASV_1068,0.00019994096590525716
ASV_1293,0.0001998798376714314
ASV_798,0.00019930050378101042
ASV_706,0.00019751353856958584
ASV_542,0.0001973743846131901
ASV_229,0.0001973311746423323
ASV_825,0.00019668091039765109
ASV_1075,0.0001964780250991331
ASV_534,0.00019645313617423072
ASV_1044,0.00019544104768282736
ASV_745,0.00019325698685700195
ASV_626,0.0001924164877663815
ASV_1734,0.00019127875151022373
ASV_1001,0.00019122262082489999
ASV_1523,0.00019035008571462324
ASV_907,0.00019009598354208804
ASV_2316,0.0001894317782383893
ASV_666,0.00018925244593695202
ASV_574,0.0001884337884720421
ASV_1082,0.000186313434538984
ASV_1322,0.00018603645035703838
ASV_555,0.00018491632823239746
ASV_758,0.00018477138295001648
ASV_1370,0.00018283132789173812
ASV_1477,0.00018266557124091068
ASV_861,0.00018248263470807462
ASV_403,0.00017932203202860719
ASV_627,0.00017911156240144006
ASV_1266,0.00017902568487730697
ASV_765,0.000178365842173462
ASV_1342,0.0001780332302615286
ASV_472,0.00017745569791998922
ASV_867,0.0001772872797686512
ASV_1081,0.00017682622909128643
ASV_2810,0.00017671399560228952
ASV_1287,0.00017647091863371767
ASV_935,0.00017601537685672076
ASV_1156,0.00017582563150233039
ASV_995,0.0001756608694431425
ASV_1310,0.00017541802569782315
ASV_1466,0.0001745328342392086
ASV_838,0.00017432563793476523
ASV_642,0.0001732709284382255
ASV_280,0.00017313231478096325
ASV_833,0.0001729568588238872
ASV_1101,0.00017226053044942913
ASV_538,0.00017208121543373005
ASV_2812,0.00017185340071651671
ASV_159,0.00017170657200404538
ASV_668,0.00017021950360757105
ASV_1013,0.0001692501885087431
ASV_973,0.00016745116868453717
ASV_383,0.00016742607382390086
ASV_234,0.00016731871595678768
ASV_521,0.00016715351182551572
ASV_593,0.00016674645938395658
ASV_656,0.00016630867008033697
ASV_436,0.00016614510327277236
ASV_1008,0.00016599759033622386
ASV_895,0.0001656902734429279
ASV_634,0.00016539845587873345
ASV_611,0.00016496734207796637
ASV_2883,0.00016467615091486212
ASV_461,0.00016388066788943295
ASV_856,0.0001630507271412571
ASV_1039,0.00016303136465428545
ASV_2625,0.00016274147573250324
ASV_430,0.0001620282447574446
ASV_169,0.00016148514363857565
ASV_256,0.00016114503941167031
ASV_1230,0.0001609354312872968
ASV_397,0.0001608768553343109
ASV_2498,0.00016032944924475293
ASV_744,0.00015969994792941854
ASV_806,0.000159315705872857
ASV_952,0.00015892211885013013
ASV_1353,0.00015816029601071875
ASV_1390,0.0001580646573232592
ASV_951,0.00015785678076865684
ASV_1132,0.00015698783617810276
ASV_689,0.00015616608898201266
ASV_523,0.00015580042114380648
ASV_2813,0.00015528825430044708
ASV_883,0.00015512017051275387
ASV_844,0.0001549584460924523
ASV_663,0.0001549521748346263
ASV_711,0.00015395370386816714
ASV_788,0.0001529937780056842
ASV_1441,0.00015282516499932422
ASV_459,0.0001527774930132409
ASV_1089,0.00015225731559789115
ASV_1674,0.0001519121914100316
ASV_1022,0.00015176290905647203
ASV_139,0.0001511535098651468
ASV_1457,0.00015004465814732405
ASV_924,0.0001490829998963144
ASV_1415,0.00014895606702475727
ASV_428,0.00014876542824277943
ASV_1630,0.00014862607709903536
ASV_992,0.0001476630330086057
ASV_777,0.00014750153667215815
ASV_741,0.0001470378594170204
ASV_911,0.00014655581630580527
ASV_1055,0.00014552061273477755
ASV_1300,0.00014524416315458595
ASV_285,0.00014523154774678215
ASV_1286,0.00014502279899935306
ASV_2628,0.00014445406479773906
ASV_763,0.00014377415619191365
ASV_1409,0.00014358499336746783
ASV_682,0.00014309452446048402
ASV_972,0.00014261682906926518
ASV_213,0.00014212661563845603
ASV_1291,0.00014173624516128727
ASV_342,0.00014165981076809164
ASV_387,0.00014157945137209004
ASV_959,0.0001412673457123685
ASV_1043,0.0001411906800061445
ASV_1290,0.00014116165708921087
ASV_1210,0.00014097335555513803
ASV_1447,0.00014022786182896226
ASV_674,0.00013946432861551846
ASV_790,0.00013860552788805218
ASV_664,0.00013851652628754692
ASV_1351,0.0001384409019130551
ASV_801,0.00013620952440231816
ASV_1162,0.00013612928827712962
ASV_1194,0.00013572759217784702
ASV_699,0.0001356886733706005
ASV_1163,0.00013506763773968742
ASV_929,0.00013493556654715864
ASV_2038,0.00013434493535575522
ASV_477,0.0001341566032623111
ASV_1486,0.00013395670656039517
ASV_506,0.00013381176551866694
ASV_502,0.0001337581743229955
ASV_1330,0.0001335515517325394
ASV_1454,0.00013342393931377715
ASV_718,0.00013299622701252304
ASV_1297,0.00013222532624721937
ASV_525,0.0001318883532793459
ASV_1053,0.0001316285715103506
ASV_1057,0.00013113160097183373
ASV_1844,0.00013060128343589223
ASV_519,0.00013044403098771268
ASV_994,0.00013009352273233183
ASV_432,0.00012936215424641856
ASV_1284,0.00012924431342110554
ASV_1345,0.0001291217328610589
ASV_1128,0.00012893897390980983
ASV_884,0.00012716679043401095
ASV_413,0.00012691560493366597
ASV_1476,0.00012682842000324217
ASV_1332,0.00012632241309660814
ASV_1109,0.0001259882246216972
ASV_984,0.00012572571500501565
ASV_901,0.0001255781595416055
ASV_1100,0.00012538567598154263
ASV_1535,0.0001249831568101984
ASV_862,0.0001247415354567526
ASV_878,0.0001244618918305262
ASV_925,0.00012361573244761765
ASV_1211,0.00012359006909720447
ASV_117,0.0001234694607760424
ASV_1083,0.00012334945052009345
ASV_716,0.00012265676385636175
ASV_624,0.000121990624199493
ASV_649,0.00012194713134055631
ASV_976,0.00012193252767718086
ASV_752,0.00012119339925363383
ASV_594,0.00012112078610589825
ASV_1142,0.00011935617750091135
ASV_380,0.000119186550366919
ASV_1136,0.00011885171072172243
ASV_1620,0.0001187781128332346
ASV_1151,0.00011839763278330808
ASV_2857,0.00011834295615672808
ASV_1444,0.00011831919149424963
ASV_1306,0.0001177026679541938
ASV_789,0.00011713211681721263
ASV_348,0.00011698183691616121
ASV_1084,0.00011681730647637712
ASV_1459,0.0001165451252158644
ASV_1901,0.00011543395060101589
ASV_2467,0.00011540359538072614
ASV_705,0.00011501671561483529
ASV_778,0.00011438508239388921
ASV_1730,0.00011384187149936644
ASV_1070,0.00011370634810680321
ASV_1359,0.00011348036622155519
ASV_1331,0.00011324826467321826
ASV_582,0.00011308008736539142
ASV_670,0.00011305933189621523
ASV_829,0.00011299316055724023
ASV_846,0.00011252906219399589
ASV_604,0.00011225146438273805
ASV_1106,0.0001122012693590663
ASV_1356,0.00011152607819382619
ASV_1164,0.0001107566837317963
ASV_1800,0.00011001325940104487
ASV_635,0.00010931952497545508
ASV_1138,0.00010890018110664031
ASV_751,0.00010864030400317486
ASV_1258,0.00010862060744583493
ASV_1343,0.00010841557773345797
ASV_1072,0.00010833360755514917
ASV_1038,0.00010708771874996991
ASV_1473,0.00010708482315815487
ASV_2482,0.0001067812027396612
ASV_1349,0.00010628720058550873
ASV_1843,0.00010600040936561225
ASV_1187,0.00010582157984628424
ASV_1707,0.00010531700275733372
ASV_1260,0.00010500870109390092
ASV_1553,0.00010464821400630494
ASV_1496,0.00010416146037111433
ASV_1005,0.00010341924960336189
ASV_1267,0.00010225607445399115
ASV_2888,0.00010205845230446273
ASV_1192,0.00010197803393148039
ASV_1262,0.00010182171185556279
ASV_1063,0.00010138094439023607
ASV_1094,0.00010103012297380564
ASV_1021,0.00010093324249330871
ASV_930,0.00010021135528004019
ASV_1179,9.96255293840573e-05
ASV_1650,9.926491209219171e-05
ASV_1624,9.924195011613587e-05
ASV_1458,9.915415463247143e-05
ASV_970,9.902733273793916e-05
ASV_2626,9.843494661854684e-05
ASV_1220,9.832025987567224e-05
ASV_1366,9.820442584010616e-05
ASV_1334,9.81758381238453e-05
ASV_967,9.768833498704742e-05
ASV_1095,9.739367209146718e-05
ASV_662,9.691851850912825e-05
ASV_1229,9.691733197919136e-05
ASV_815,9.68056976954135e-05
ASV_1031,9.661529943732804e-05
ASV_1051,9.603345627345711e-05
ASV_1177,9.488816197313028e-05
ASV_2866,9.474144793560729e-05
ASV_795,9.45903430190167e-05
ASV_896,9.376223653208628e-05
ASV_1186,9.374986352437153e-05
ASV_2035,9.359415823016657e-05
ASV_1377,9.334641620572196e-05
ASV_872,9.254682114943804e-05
ASV_561,9.222323083789867e-05
ASV_584,9.187607523711317e-05
ASV_632,9.15458461368571e-05
ASV_1495,9.153694362876718e-05
ASV_2311,9.130295319494458e-05
ASV_405,9.128394660937377e-05
ASV_918,9.11492392185233e-05
ASV_922,9.103672798512125e-05
ASV_467,9.074937489943034e-05
ASV_1119,9.049887412185518e-05
ASV_2491,8.942038258980831e-05
ASV_1797,8.918925839740982e-05
ASV_1020,8.893527823386347e-05
ASV_1336,8.88937088349655e-05
ASV_780,8.885816900755731e-05
ASV_868,8.878856250033421e-05
ASV_1313,8.836730679392028e-05
ASV_331,8.83014796709406e-05
ASV_1483,8.78518897055445e-05
ASV_1711,8.780609173337925e-05
ASV_870,8.74817511606083e-05
ASV_1238,8.695036063710801e-05
ASV_1541,8.686722044442025e-05
ASV_2871,8.683908169509352e-05
ASV_1341,8.661973156867008e-05
ASV_2318,8.54756592925462e-05
ASV_1304,8.47098141931123e-05
ASV_1729,8.464871119951548e-05
ASV_2884,8.440129066943564e-05
ASV_881,8.262578887435537e-05
ASV_999,8.198711666022568e-05
ASV_713,8.167221471001252e-05
ASV_2034,8.10683828382437e-05
ASV_1299,8.097209141822212e-05
ASV_1355,8.039323339928426e-05
ASV_1379,8.028494268345131e-05
ASV_2724,8.025703594764733e-05
ASV_1294,8.018658453697597e-05
ASV_1078,8.004500371764414e-05
ASV_1585,7.999805136588728e-05
ASV_1029,7.951697960618243e-05
ASV_1404,7.946863257057702e-05
ASV_553,7.941795846742664e-05
ASV_1127,7.928944536141105e-05
ASV_2814,7.886578639407072e-05
ASV_2811,7.8840973541397e-05
ASV_1079,7.817436859432732e-05
ASV_1283,7.770307804638135e-05
ASV_2876,7.747254552109814e-05
ASV_617,7.726450954264022e-05
ASV_2058,7.722618183372659e-05
ASV_693,7.674962028493257e-05
ASV_734,7.667103906246974e-05
ASV_1715,7.664278979008253e-05
ASV_1743,7.645335127281123e-05
ASV_1285,7.64419286916531e-05
ASV_1597,7.634269442816084e-05
ASV_1426,7.606731351018846e-05
ASV_1259,7.606431046632077e-05
ASV_691,7.593154890121672e-05
ASV_712,7.577869078829091e-05
ASV_320,7.535859115010237e-05
ASV_585,7.499387241865966e-05
ASV_1602,7.498726314793963e-05
ASV_739,7.490773585479881e-05
ASV_1866,7.48237761220724e-05
ASV_1438,7.391081491821462e-05
ASV_1096,7.372249905426425e-05
ASV_1691,7.304239409735585e-05
ASV_545,7.252676593789945e-05
ASV_1511,7.206357818584456e-05
ASV_1859,7.203963972053831e-05
ASV_997,7.174477278192905e-05
ASV_1627,7.142772336139722e-05
ASV_1574,7.098680775840941e-05
ASV_1157,7.090782050011893e-05
ASV_1113,7.050317757660052e-05
ASV_1193,7.04215148446859e-05
ASV_1544,7.023214085618853e-05
ASV_771,6.995815916128194e-05
ASV_1126,6.93872245471337e-05
ASV_1326,6.933675043228106e-05
ASV_1959,6.909728126470974e-05
ASV_2300,6.89884572460732e-05
ASV_1277,6.880318719850092e-05
ASV_1248,6.851765520948612e-05
ASV_1433,6.843891545818486e-05
ASV_1662,6.803148229226507e-05
ASV_1171,6.787027831083399e-05
ASV_2145,6.76489584842339e-05
ASV_633,6.760614759310785e-05
ASV_1383,6.75483118103469e-05
ASV_1421,6.717732714357984e-05
ASV_1801,6.713956993877693e-05
ASV_1906,6.701246099502009e-05
ASV_546,6.698747679253457e-05
ASV_1482,6.661558399696812e-05
ASV_1152,6.6129532213337e-05
ASV_1666,6.59857015828185e-05
ASV_1235,6.574528420768255e-05
ASV_1369,6.570620864940245e-05
ASV_1593,6.549253314730196e-05
ASV_1384,6.518285214451579e-05
ASV_1509,6.517542155643153e-05
ASV_684,6.503229923215226e-05
ASV_977,6.498658248092794e-05
ASV_2019,6.473832055118598e-05
ASV_1318,6.465060392565501e-05
ASV_1510,6.44028199576834e-05
ASV_607,6.422624233052468e-05
ASV_1794,6.421423962799108e-05
ASV_2250,6.42069508922631e-05
ASV_1015,6.383960988193198e-05
ASV_1869,6.37259762559621e-05
ASV_1503,6.342593192169083e-05
ASV_1052,6.284789173863462e-05
ASV_2128,6.283123578659998e-05
ASV_2401,6.27510760130687e-05
ASV_1067,6.231288219919211e-05
ASV_1639,6.223378694433299e-05
ASV_2282,6.197373878814447e-05
ASV_1820,6.197097642027282e-05
ASV_1643,6.185001539748133e-05
ASV_2855,6.116075832339158e-05
ASV_1661,6.112912664809886e-05
ASV_1609,6.0732287614442185e-05
ASV_943,6.056245745158215e-05
ASV_2481,6.0329783978876986e-05
ASV_1577,6.0236982202219606e-05
ASV_1600,6.009337564046559e-05
ASV_1568,6.001261463188663e-05
ASV_2827,5.98483018914656e-05
ASV_1352,5.970476406652463e-05
ASV_1946,5.969643375338436e-05
ASV_1385,5.950327752496493e-05
ASV_2819,5.950175036119822e-05
ASV_2637,5.9133040977193756e-05
ASV_948,5.8952504817172216e-05
ASV_1974,5.875910131469726e-05
ASV_1085,5.870836719267386e-05
ASV_1400,5.849451924663267e-05
ASV_1270,5.845379292731131e-05
ASV_2400,5.765552011436713e-05
ASV_2630,5.747130159656101e-05
ASV_410,5.7465846985578366e-05
ASV_500,5.742010436789681e-05
ASV_784,5.7280175245431373e-05
ASV_1026,5.70596599438545e-05
ASV_2752,5.678465075402708e-05
ASV_311,5.6662182963628766e-05
ASV_2683,5.6546609285820185e-05
ASV_2591,5.634462895253635e-05
ASV_730,5.6115779203098306e-05
ASV_1321,5.6010120155621456e-05
ASV_1374,5.600638114200261e-05
ASV_1436,5.598279832963318e-05
ASV_1842,5.598125134561825e-05
ASV_773,5.5775792682348404e-05
ASV_1114,5.564589051809154e-05
ASV_1046,5.50116701654655e-05
ASV_571,5.4971355412719274e-05
ASV_1429,5.4749204893562214e-05
ASV_1339,5.450857604605345e-05
ASV_956,5.42251771203774e-05
ASV_1494,5.4070478592241076e-05
ASV_927,5.40597960452824e-05
ASV_804,5.384062076579218e-05
ASV_1420,5.3405892806911796e-05
ASV_2547,5.3238873628097254e-05
ASV_1971,5.321286323090457e-05
ASV_732,5.319338334863116e-05
ASV_651,5.2881797517434075e-05
ASV_1329,5.2714170577660534e-05
ASV_1686,5.250207257683137e-05
ASV_923,5.169133696336193e-05
ASV_1819,5.1544384891244086e-05
ASV_672,5.137360633413457e-05
ASV_2384,5.10916309511656e-05
ASV_2869,5.107534747058139e-05
ASV_1818,5.072728409381494e-05
ASV_2672,5.0661610975247664e-05
ASV_2382,5.060615391812704e-05
ASV_1474,5.0578722395927605e-05
ASV_1468,4.969857943895008e-05
ASV_1231,4.935445715131876e-05
ASV_1223,4.924473901629963e-05
ASV_1528,4.920959532282638e-05
ASV_1246,4.9018857687090746e-05
ASV_2148,4.900742617034422e-05
ASV_2569,4.872984950947236e-05
ASV_1723,4.841551867886451e-05
ASV_2817,4.821566944351245e-05
ASV_1601,4.797597457103036e-05
ASV_2177,4.788121855192078e-05
ASV_537,4.742526679495662e-05
ASV_2479,4.739368720186745e-05
ASV_2262,4.7237852804123735e-05
ASV_478,4.721634017760963e-05
ASV_1225,4.711606513996225e-05
ASV_1411,4.709471990986102e-05
ASV_2090,4.705350430637265e-05
ASV_1381,4.6879661531834055e-05
ASV_2502,4.665396677646044e-05
ASV_1934,4.6419033755251094e-05
ASV_2260,4.623591989108683e-05
ASV_2659,4.600146167404671e-05
ASV_2712,4.591783046986324e-05
ASV_1618,4.5886889472417955e-05
ASV_1452,4.5825346444919765e-05
ASV_1755,4.5673420618586566e-05
ASV_1428,4.566604306251945e-05
ASV_2907,4.535787483074342e-05
ASV_2404,4.5134038057096e-05
ASV_1928,4.5010821791336435e-05
ASV_2284,4.4907639775426744e-05
ASV_1902,4.470868574564238e-05
ASV_1237,4.467192534178949e-05
ASV_2142,4.466230133441698e-05
ASV_2110,4.4520650159929746e-05
ASV_1077,4.4483289719657974e-05
ASV_814,4.440395949903821e-05
ASV_2636,4.4293036662407665e-05
ASV_857,4.423287279542659e-05
ASV_2314,4.415957221605244e-05
ASV_1772,4.4006747606262946e-05
ASV_2490,4.396655107481904e-05
ASV_1969,4.381354308663803e-05
ASV_1217,4.3626664305505236e-05
ASV_2003,4.360958258357121e-05
ASV_1201,4.348703834906258e-05
ASV_1213,4.343350967166995e-05
ASV_1631,4.337549830016817e-05
ASV_2476,4.335131553319832e-05
ASV_1534,4.3229930670863924e-05
ASV_1226,4.304996662946316e-05
ASV_2901,4.304671390392129e-05
ASV_1702,4.2851662290213326e-05
ASV_1487,4.27534096360058e-05
ASV_1422,4.268173067109903e-05
ASV_772,4.263537213110197e-05
ASV_2836,4.246497489916087e-05
ASV_869,4.237848950547071e-05
ASV_1731,4.212903322973164e-05
ASV_1907,4.2064441660449447e-05
ASV_2083,4.2030327309739305e-05
ASV_2737,4.190533570138837e-05
ASV_781,4.153037500896015e-05
ASV_1346,4.1485740944309685e-05
ASV_2722,4.121368874745521e-05
ASV_1566,4.115242156214166e-05
ASV_1954,4.114959543670609e-05
ASV_2385,4.11292184139003e-05
ASV_2578,4.1118411222587464e-05
ASV_2500,4.088226941721315e-05
ASV_1160,4.0625175957051424e-05
ASV_2680,4.0532268730094856e-05
ASV_1389,4.051526103881575e-05
ASV_1710,4.044993386845148e-05
ASV_2342,4.041805867144382e-05
ASV_707,4.038207604517634e-05
ASV_2874,4.0362853648607664e-05
ASV_1007,4.030485873788924e-05
ASV_1450,4.0073846858405064e-05
ASV_2590,3.971388574796658e-05
ASV_2751,3.941602223804592e-05
ASV_2290,3.9411287090459715e-05
ASV_2916,3.9298877578068254e-05
ASV_1338,3.9137252936300914e-05
ASV_981,3.9047559586759485e-05
ASV_2315,3.898825558627998e-05
ASV_697,3.895748795062554e-05
ASV_810,3.8847261832970455e-05
ASV_2614,3.882318953443233e-05
ASV_2882,3.840927324792548e-05
ASV_1391,3.836943821854938e-05
ASV_2405,3.832467235211757e-05
ASV_2861,3.820435901647732e-05
ASV_2613,3.819670612964891e-05
ASV_831,3.804864160646699e-05
ASV_1713,3.793803252959684e-05
ASV_1281,3.785543964699653e-05
ASV_2726,3.770143206932333e-05
ASV_1856,3.769914983469514e-05
ASV_1515,3.7583743400435295e-05
ASV_2067,3.7521771584971326e-05
ASV_2317,3.750244139402982e-05
ASV_1398,3.7486891880877853e-05
ASV_2386,3.742849982355752e-05
ASV_1543,3.741094363687939e-05
ASV_2411,3.708760677375259e-05
ASV_2853,3.7047573087376335e-05
ASV_1317,3.689786979728645e-05
ASV_1807,3.6239067663206353e-05
ASV_683,3.576035082409302e-05
ASV_2470,3.560972563134189e-05
ASV_2831,3.556796309554775e-05
ASV_2180,3.541025798473074e-05
ASV_1539,3.5408388809985405e-05
ASV_2483,3.529458992393068e-05
ASV_2310,3.526569892465896e-05
ASV_2115,3.5200787845203696e-05
ASV_1439,3.5080634692342265e-05
ASV_1693,3.506491207523117e-05
ASV_1774,3.499222554940138e-05
ASV_2129,3.4733701448856317e-05
ASV_2026,3.4692264441528976e-05
ASV_945,3.436923374449039e-05
ASV_1968,3.427891923857406e-05
ASV_1584,3.4233274548635077e-05
ASV_2297,3.413373860549725e-05
ASV_2015,3.3945309006924006e-05
ASV_2027,3.386699993468369e-05
ASV_1121,3.383293763657233e-05
ASV_2663,3.344526537158471e-05
ASV_1904,3.343266652708414e-05
ASV_2423,3.32857232702319e-05
ASV_2199,3.318539894398369e-05
ASV_1354,3.298604115562134e-05
ASV_1308,3.2871322984494514e-05
ASV_710,3.281556908200044e-05
ASV_1446,3.273392260888028e-05
ASV_2183,3.253517825294426e-05
ASV_1408,3.2514764064095516e-05
ASV_2268,3.2398772422324694e-05
ASV_1846,3.208229733664848e-05
ASV_2274,3.202915940584251e-05
ASV_1224,3.150856811517558e-05
ASV_2750,3.140495981761096e-05
ASV_2285,3.137084648295078e-05
ASV_2867,3.134699144763463e-05
ASV_2581,3.127127289333277e-05
ASV_333,3.115982919999986e-05
ASV_2449,3.1050926920918285e-05
ASV_749,3.102271016478149e-05
ASV_1977,3.097291600662203e-05
ASV_1090,3.082623051983409e-05
ASV_1596,3.0824195366199816e-05
ASV_1315,3.077090575697236e-05
ASV_1147,3.052743147329012e-05
ASV_860,3.04410943231765e-05
ASV_1445,3.013014950107969e-05
ASV_2519,3.0071618264780573e-05
ASV_2214,3.0042015187710035e-05
ASV_890,2.9726168693819977e-05
ASV_1976,2.9442481845877855e-05
ASV_2728,2.9351512385438607e-05
ASV_1010,2.931848648525425e-05
ASV_2446,2.9287180211392042e-05
ASV_2406,2.924217008413429e-05
ASV_1431,2.9232417152812375e-05
ASV_2512,2.922687405455833e-05
ASV_889,2.9159808449238696e-05
ASV_1249,2.910370774704517e-05
ASV_2583,2.906806428320706e-05
ASV_1540,2.898972058408638e-05
ASV_826,2.8851970002592438e-05
ASV_1499,2.880779727429919e-05
ASV_1747,2.8807264458297567e-05
ASV_1056,2.8745972958675873e-05
ASV_1770,2.8679339805234787e-05
ASV_2286,2.8636620024834956e-05
ASV_640,2.86360569101687e-05
ASV_2620,2.8608865132274604e-05
ASV_2570,2.8563017591998344e-05
ASV_2803,2.85461031433375e-05
ASV_2738,2.8536785879671376e-05
ASV_2598,2.8494331926009226e-05
ASV_1092,2.8476860861356236e-05
ASV_1527,2.8430507033134225e-05
ASV_953,2.8372720414409675e-05
ASV_1781,2.8313510840484247e-05
ASV_2693,2.8229177364145184e-05
ASV_2394,2.8181707064903724e-05
ASV_1536,2.816558536632106e-05
ASV_1416,2.816057716239199e-05
ASV_2112,2.813324717917849e-05
ASV_2096,2.784152565844314e-05
ASV_2452,2.7806608583196053e-05
ASV_940,2.7772731326038642e-05
ASV_2247,2.7757595663936123e-05
ASV_1881,2.7729231277043633e-05
ASV_2721,2.771827294518995e-05
ASV_2352,2.76555212842211e-05
ASV_1175,2.7484640259964905e-05
ASV_2914,2.7416679104092554e-05
ASV_2227,2.735979886375704e-05
ASV_2343,2.728988184477404e-05
ASV_1333,2.7163211583661738e-05
ASV_2085,2.7144490228611435e-05
ASV_2248,2.713484572882381e-05
ASV_2246,2.7101273979594173e-05
ASV_1453,2.69143675386855e-05
ASV_2271,2.6832303009607954e-05
ASV_2169,2.6830578194991128e-05
ASV_2898,2.681028415477038e-05
ASV_2412,2.6802503151781183e-05
ASV_2904,2.679083949181394e-05
ASV_1687,2.6657738736008674e-05
ASV_2468,2.6625120527173755e-05
ASV_2000,2.6545795777545846e-05
ASV_2623,2.6529723099329183e-05
ASV_2416,2.6523787402742814e-05
ASV_1559,2.6456399652703762e-05
ASV_1347,2.6412541279193973e-05
ASV_1690,2.6378892276731773e-05
ASV_667,2.622128408931441e-05
ASV_2586,2.6124241749841953e-05
ASV_2749,2.6039428185803565e-05
ASV_1288,2.593696981190491e-05
ASV_1464,2.5877994164111345e-05
ASV_2216,2.5743742589649237e-05
ASV_1418,2.5519228984141443e-05
ASV_2383,2.5478526620556616e-05
ASV_2292,2.543579238727102e-05
ASV_2456,2.5322972275318452e-05
ASV_1629,2.5213431280873398e-05
ASV_2135,2.5207601688443987e-05
ASV_2597,2.5100955803124778e-05
ASV_1914,2.50442254299747e-05
ASV_1850,2.5040265340322716e-05
ASV_381,2.5035198759524583e-05
ASV_2233,2.4973523457011365e-05
ASV_2236,2.4934538807371125e-05
ASV_2564,2.4850215699401538e-05
ASV_1430,2.479158067458427e-05
ASV_2301,2.452854659200544e-05
ASV_1524,2.4448349177480055e-05
ASV_2011,2.4217613197348254e-05
ASV_1993,2.4197321115420908e-05
ASV_1405,2.418195071318093e-05
ASV_2880,2.4133079392711617e-05
ASV_2601,2.4029327878248928e-05
ASV_1988,2.4012877853758215e-05
ASV_2403,2.3896663206217567e-05
ASV_2755,2.3875881695466905e-05
ASV_2146,2.3839957698813834e-05
ASV_2084,2.383484933692394e-05
ASV_2165,2.3826980440919483e-05
ASV_1640,2.3806383655717224e-05
ASV_2477,2.3781323250823642e-05
ASV_1461,2.3709059169988546e-05
ASV_2609,2.368776642204981e-05
ASV_1423,2.35965331052283e-05
ASV_774,2.3577206758821454e-05
ASV_1489,2.3540120440782153e-05
ASV_1107,2.352758255985458e-05
ASV_2868,2.349610617211562e-05
ASV_2521,2.3448022267924853e-05
ASV_2621,2.3446355546055365e-05
ASV_1626,2.3362783126969056e-05
ASV_2415,2.3360720632545336e-05
ASV_2176,2.331857019183694e-05
ASV_2170,2.3248587837432128e-05
ASV_1742,2.3235325113288982e-05
ASV_2429,2.3048215200629696e-05
ASV_1204,2.3042212185393554e-05
ASV_1656,2.3032615433342488e-05
ASV_965,2.2971391754805527e-05
ASV_2381,2.295909914372627e-05
ASV_2896,2.2935738906077847e-05
ASV_2736,2.293536717004929e-05
ASV_2604,2.291367157205525e-05
ASV_2475,2.289291529633176e-05
ASV_2776,2.2834271229601294e-05
ASV_2143,2.2804664214609316e-05
ASV_2387,2.2767228957932018e-05
ASV_2536,2.265257921007939e-05
ASV_2608,2.2647003396975567e-05
ASV_2136,2.262555249806551e-05
ASV_2694,2.2580941211602984e-05
ASV_2426,2.2497634603230535e-05
ASV_2533,2.2404382543059026e-05
ASV_1575,2.2361423505178424e-05
ASV_1664,2.232602115208074e-05
ASV_1547,2.2310240683600706e-05
ASV_2254,2.2143633142486852e-05
ASV_2447,2.211315328183114e-05
ASV_2532,2.2105485914002702e-05
ASV_2860,2.2102245554660087e-05
ASV_2305,2.1768945368936392e-05
ASV_2031,2.1648958669832354e-05
ASV_2541,2.1605709154208555e-05
ASV_2373,2.1590995210068027e-05
ASV_1309,2.1577477785418668e-05
ASV_2600,2.1447929126922193e-05
ASV_2685,2.131770577690218e-05
ASV_1764,2.112066583949366e-05
ASV_1925,2.099530355696518e-05
ASV_1380,2.099077787337721e-05
ASV_2155,2.0977241916424104e-05
ASV_1719,2.0962328631773816e-05
ASV_2563,2.091114955216411e-05
ASV_1532,2.0907282118239172e-05
ASV_1754,2.0882380108497887e-05
ASV_2858,2.085432527129143e-05
ASV_2298,2.0797508373716314e-05
ASV_1184,2.0625914621457167e-05
ASV_2291,2.0613174586616313e-05
ASV_1862,2.040590962812611e-05
ASV_1155,2.0318328475645553e-05
ASV_2535,2.0312347311760106e-05
ASV_723,2.0303799790328507e-05
ASV_2897,2.0270298248511446e-05
ASV_2030,2.0220652217636144e-05
ASV_2375,2.0116479143248957e-05
ASV_2033,2.0011736690298603e-05
ASV_2007,1.9997169585410634e-05
ASV_2900,1.995832260400405e-05
ASV_1918,1.9469635620598956e-05
ASV_1903,1.9447218742152814e-05
ASV_2081,1.939834636575831e-05
ASV_1966,1.926064396872779e-05
ASV_2730,1.9082694636473323e-05
ASV_1497,1.9076872229287455e-05
ASV_1115,1.9023074037775104e-05
ASV_1178,1.8903057811621343e-05
ASV_2575,1.8763539910850623e-05
ASV_2414,1.8733015156983817e-05
ASV_1795,1.8574751379153885e-05
ASV_2270,1.856275437104122e-05
ASV_2273,1.8536070943757006e-05
ASV_1619,1.8510698291099166e-05
ASV_1659,1.83193843957003e-05
ASV_864,1.8229728913497165e-05
ASV_2754,1.814170885306034e-05
ASV_1775,1.8008163265306078e-05
ASV_1348,1.800416369079278e-05
ASV_1144,1.7983823278428798e-05
ASV_1745,1.7763425555712928e-05
ASV_1826,1.7755361336772706e-05
ASV_1623,1.762823611676501e-05
ASV_2539,1.755416288305051e-05
ASV_1506,1.7501691040383354e-05
ASV_1365,1.7495556759053704e-05
ASV_1936,1.733516889055384e-05
ASV_2771,1.7235065128423173e-05
ASV_2424,1.7070889691629567e-05
ASV_2707,1.697777426125271e-05
ASV_1403,1.6943777837096694e-05
ASV_1218,1.6921953963283706e-05
ASV_1590,1.689202883750327e-05
ASV_2346,1.678157903998307e-05
ASV_1779,1.672958976014375e-05
ASV_2178,1.6655287704609728e-05
ASV_2443,1.660831063213365e-05
ASV_2149,1.6597287553789117e-05
ASV_2565,1.6547755327048513e-05
ASV_1498,1.652827333567392e-05
ASV_2125,1.646432836957206e-05
ASV_1658,1.6456087211939174e-05
ASV_2309,1.645056565597592e-05
ASV_1410,1.6204604467983794e-05
ASV_2229,1.614245207392949e-05
ASV_2057,1.6110864829154128e-05
ASV_1682,1.6074784889774298e-05
ASV_1607,1.607006598112904e-05
ASV_1750,1.605108472299266e-05
ASV_2677,1.5982994700224285e-05
ASV_2337,1.5945440498896532e-05
ASV_1023,1.5938370094300098e-05
ASV_2618,1.592892877538157e-05
ASV_2283,1.5866007669303808e-05
ASV_2448,1.5795487707899833e-05
ASV_2832,1.5782915940757392e-05
ASV_832,1.576265070389311e-05
ASV_2049,1.5737019663574116e-05
ASV_2786,1.5709771533953328e-05
ASV_1706,1.569628907572123e-05
ASV_1741,1.565054551542333e-05
ASV_2841,1.5625196397322423e-05
ASV_1773,1.5618930130069254e-05
ASV_2059,1.5615062617315676e-05
ASV_2093,1.5587193077135807e-05
ASV_1200,1.54846099568262e-05
ASV_2280,1.5455841315202814e-05
ASV_1694,1.5367435672028307e-05
ASV_1685,1.536261756916536e-05
ASV_1567,1.5352674596666456e-05
ASV_1760,1.534610209749571e-05
ASV_2054,1.5343268393435513e-05
ASV_2210,1.525631820355587e-05
ASV_2849,1.5182426256273445e-05
ASV_2648,1.5172584070541235e-05
ASV_2001,1.5166586833235375e-05
ASV_1392,1.5133318840243206e-05
ASV_797,1.5081114691085849e-05
ASV_1861,1.5074065644419576e-05
ASV_1603,1.5036310881696194e-05
ASV_2047,1.5032795788859698e-05
ASV_2431,1.5002837236712291e-05
ASV_2195,1.491519761673147e-05
ASV_2877,1.4819487637650787e-05
ASV_2335,1.469889847151303e-05
ASV_1521,1.4664939540826834e-05
ASV_2511,1.4634860641807201e-05
ASV_1143,1.4607367155137836e-05
ASV_2651,1.4475903707656769e-05
ASV_2568,1.4464905318844683e-05
ASV_1952,1.4464905318844683e-05
ASV_2277,1.4435040760460055e-05
ASV_2160,1.4384314118845841e-05
ASV_2647,1.4226391639928233e-05
ASV_1984,1.4034482262772717e-05
ASV_2842,1.4030970052138467e-05
ASV_2624,1.3933360963027574e-05
ASV_2514,1.393226761295533e-05
ASV_2695,1.3700981523310708e-05
ASV_1025,1.3575239077301198e-05
ASV_2022,1.3569942545940666e-05
ASV_1751,1.3543826005928533e-05
ASV_1357,1.3509504720236182e-05
ASV_2132,1.3502342867107678e-05
ASV_1939,1.344135835151108e-05
ASV_2206,1.3425137688584305e-05
ASV_1518,1.3409449263500213e-05
ASV_1887,1.3375862317790542e-05
ASV_2780,1.3374044681316092e-05
ASV_2413,1.3364824770547148e-05
ASV_2664,1.3361088876267683e-05
ASV_921,1.3275656287653734e-05
ASV_490,1.3266422004744944e-05
ASV_2778,1.3216056770139645e-05
ASV_2350,1.3173268182049082e-05
ASV_2710,1.3171187341581877e-05
ASV_2851,1.3126208476455741e-05
ASV_2809,1.3112408205456903e-05
ASV_2263,1.3086133228744366e-05
ASV_2313,1.304015594941112e-05
ASV_1712,1.2953505014165163e-05
ASV_1825,1.2929493678345961e-05
ASV_1516,1.2913413943408827e-05
ASV_2056,1.2898813998162534e-05
ASV_2787,1.2840333503786088e-05
ASV_1963,1.2813037608892345e-05
ASV_2306,1.2793133535347657e-05
ASV_2203,1.2605563131611472e-05
ASV_1718,1.2501783477098214e-05
ASV_2540,1.2477560264178222e-05
ASV_2890,1.2418409201699769e-05
ASV_1828,1.235772775263842e-05
ASV_2005,1.2308560084566292e-05
ASV_2545,1.2243414046282455e-05
ASV_2799,1.2172644095932996e-05
ASV_2296,1.193569464071356e-05
ASV_746,1.1823484755203086e-05
ASV_1769,1.1678092710464215e-05
ASV_1985,1.1607885924925193e-05
ASV_2048,1.1484336485456877e-05
ASV_2141,1.137780626812971e-05
ASV_1809,1.121719380286344e-05
ASV_1382,1.1000256808213492e-05
ASV_1757,1.0893472800100983e-05
ASV_2725,1.0667644487067383e-05
ASV_1837,1.0613063643643336e-05
ASV_2393,1.0530002094327176e-05
ASV_1467,1.0497173138552297e-05
ASV_1161,1.0264089959919305e-05
ASV_1558,9.835067079132525e-06
ASV_1328,9.635275746378268e-06
ASV_2361,9.180272775646221e-06
ASV_2774,9.14268709029436e-06
ASV_2589,9.060979617218242e-06
ASV_1490,9.039389760386142e-06
ASV_2267,8.452215541658774e-06
ASV_2355,8.175802383980367e-06
ASV_1406,5.2242039297662566e-06
ASV_702,5.209889498577535e-06
ASV_1865,9.698014068194358e-07
ASV_2293,4.146466800592787e-07
ASV_1684,8.105754773291165e-19
ASV_1670,6.706998746643256e-19
ASV_1480,3.699565338263157e-19
ASV_1465,3.6037655271780686e-19
ASV_1335,2.594269901702051e-19
ASV_2894,2.50803214283657e-19
ASV_2850,2.4683521092492454e-19
ASV_2579,2.3708318270503716e-19
ASV_1124,2.309137536225182e-19
ASV_1561,2.0355719000477117e-19
ASV_2515,2.0065098593603742e-19
ASV_2399,1.8401479932238327e-19
ASV_1912,1.6982136042283392e-19
ASV_1188,1.6893029878077573e-19
ASV_1485,1.6421062577396947e-19
ASV_2287,1.52764754163656e-19
ASV_1798,1.5080767354330127e-19
ASV_1307,1.4796476379885994e-19
ASV_2615,1.3620909326283827e-19
ASV_1168,1.308180488409796e-19
ASV_2004,1.2899233717499648e-19
ASV_1323,1.2400006494534597e-19
ASV_2390,1.2196592884504977e-19
ASV_2559,1.171807867760502e-19
ASV_2418,1.1596590200549137e-19
ASV_2485,1.141254756856635e-19
ASV_1062,1.1214857651583041e-19
ASV_1340,1.086122224338239e-19
ASV_2010,1.0859091380044855e-19
ASV_2013,1.0562693606529595e-19
ASV_1910,1.0228491482072279e-19
ASV_2465,9.953028185620801e-20
ASV_1512,8.768425187700016e-20
ASV_2854,8.43163033593602e-20
ASV_1505,8.373276745882035e-20
ASV_1065,8.269368377233425e-20
ASV_1646,7.497404058131915e-20
ASV_2457,7.472092047586881e-20
ASV_1654,7.463672737416291e-20
ASV_1368,7.454942974402862e-20
ASV_316,7.117271411403213e-20
ASV_2345,6.022697038026144e-20
ASV_1219,5.98658566816077e-20
ASV_2333,5.732885312458213e-20
ASV_2078,5.650423612368689e-20
ASV_1061,5.554073114147962e-20
ASV_2638,5.503094132632867e-20
ASV_2560,5.241279269400477e-20
ASV_2256,4.110841498612054e-20
ASV_2245,3.780287051515078e-20
ASV_1817,3.626884040529657e-20
ASV_1953,3.567252572751674e-20
ASV_1675,3.0166523031688463e-20
ASV_1202,3.0163457817749984e-20
ASV_1838,2.7888436738669137e-20
ASV_2852,2.2211777822819017e-20
ASV_2119,1.6750603936047845e-20
ASV_2789,1.5673591892245177e-20
ASV_2312,1.295792910715988e-20
ASV_1240,0.0
ASV_2571,0.0
ASV_1632,0.0
ASV_2577,0.0
ASV_2574,0.0
ASV_2572,0.0
ASV_2576,0.0
ASV_1105,0.0
ASV_1592,0.0
ASV_2573,0.0
ASV_489,0.0
ASV_1589,0.0
ASV_1636,0.0
ASV_1633,0.0
ASV_823,0.0
ASV_1076,0.0
ASV_1243,0.0
ASV_2550,0.0
ASV_2551,0.0
ASV_2552,0.0
ASV_2553,0.0
ASV_2554,0.0
ASV_2650,0.0
ASV_2555,0.0
ASV_2649,0.0
ASV_2556,0.0
ASV_2557,0.0
ASV_1586,0.0
ASV_1241,0.0
ASV_2558,0.0
ASV_1587,0.0
ASV_1588,0.0
ASV_2561,0.0
ASV_2562,0.0
ASV_1110,0.0
ASV_1637,0.0
ASV_2580,0.0
ASV_1635,0.0
ASV_2566,0.0
ASV_2567,0.0
ASV_1634,0.0
ASV_540,0.0
ASV_1215,0.0
ASV_858,0.0
ASV_2633,0.0
ASV_729,0.0
ASV_848,0.0
ASV_2610,0.0
ASV_2611,0.0
ASV_2612,0.0
ASV_1442,0.0
ASV_1608,0.0
ASV_2635,0.0
ASV_2616,0.0
ASV_2617,0.0
ASV_2634,0.0
ASV_1606,0.0
ASV_2606,0.0
ASV_2619,0.0
ASV_1605,0.0
ASV_1443,0.0
ASV_2622,0.0
ASV_1599,0.0
ASV_1448,0.0
ASV_1093,0.0
ASV_2632,0.0
ASV_1595,0.0
ASV_1099,0.0
ASV_1594,0.0
ASV_2607,0.0
ASV_1214,0.0
ASV_2582,0.0
ASV_2593,0.0
ASV_1432,0.0
ASV_2584,0.0
ASV_2585,0.0
ASV_1434,0.0
ASV_2587,0.0
ASV_1102,0.0
ASV_2588,0.0
ASV_1622,0.0
ASV_1621,0.0
ASV_1437,0.0
ASV_2592,0.0
ASV_2594,0.0
ASV_2605,0.0
ASV_2595,0.0
ASV_2596,0.0
ASV_1073,0.0
ASV_1615,0.0
ASV_2599,0.0
ASV_1614,0.0
ASV_1613,0.0
ASV_2602,0.0
ASV_2603,0.0
ASV_1104,0.0
ASV_1612,0.0
ASV_1616,0.0
ASV_2528,0.0
ASV_2546,0.0
ASV_2464,0.0
ASV_2450,0.0
ASV_2451,0.0
ASV_1667,0.0
ASV_2453,0.0
ASV_2454,0.0
ASV_2455,0.0
ASV_2458,0.0
ASV_2459,0.0
ASV_2460,0.0
ASV_2461,0.0
ASV_2462,0.0
ASV_2463,0.0
ASV_2466,0.0
ASV_2480,0.0
ASV_1054,0.0
ASV_1663,0.0
ASV_2469,0.0
ASV_1417,0.0
ASV_2471,0.0
ASV_2472,0.0
ASV_2473,0.0
ASV_2474,0.0
ASV_1660,0.0
ASV_1657,0.0
ASV_1655,0.0
ASV_2478,0.0
ASV_1668,0.0
ASV_1669,0.0
ASV_1671,0.0
ASV_2445,0.0
ASV_2419,0.0
ASV_2420,0.0
ASV_2421,0.0
ASV_2422,0.0
ASV_1678,0.0
ASV_1677,0.0
ASV_2425,0.0
ASV_1676,0.0
ASV_2427,0.0
ASV_2428,0.0
ASV_2430,0.0
ASV_1673,0.0
ASV_2432,0.0
ASV_2433,0.0
ASV_2434,0.0
ASV_2435,0.0
ASV_2436,0.0
ASV_2437,0.0
ASV_2438,0.0
ASV_2439,0.0
ASV_2440,0.0
ASV_2441,0.0
ASV_2442,0.0
ASV_1672,0.0
ASV_2444,0.0
ASV_1265,0.0
ASV_1264,0.0
ASV_1638,0.0
ASV_2530,0.0
ASV_2518,0.0
ASV_1649,0.0
ASV_2520,0.0
ASV_1648,0.0
ASV_2522,0.0
ASV_2523,0.0
ASV_2524,0.0
ASV_2525,0.0
ASV_2526,0.0
ASV_2527,0.0
ASV_2652,0.0
ASV_2529,0.0
ASV_2531,0.0
ASV_1263,0.0
ASV_1647,0.0
ASV_2534,0.0
ASV_1645,0.0
ASV_1644,0.0
ASV_2537,0.0
ASV_2538,0.0
ASV_1424,0.0
ASV_1641,0.0
ASV_1425,0.0
ASV_2542,0.0
ASV_2543,0.0
ASV_2544,0.0
ASV_2517,0.0
ASV_2516,0.0
ASV_1419,0.0
ASV_2513,0.0
ASV_2484,0.0
ASV_2486,0.0
ASV_2487,0.0
ASV_2488,0.0
ASV_2489,0.0
ASV_2492,0.0
ASV_2493,0.0
ASV_2494,0.0
ASV_2496,0.0
ASV_1252,0.0
ASV_1251,0.0
ASV_2499,0.0
ASV_1250,0.0
ASV_2501,0.0
ASV_1653,0.0
ASV_2503,0.0
ASV_2504,0.0
ASV_2505,0.0
ASV_2506,0.0
ASV_2507,0.0
ASV_2508,0.0
ASV_2509,0.0
ASV_2510,0.0
ASV_1652,0.0
ASV_1651,0.0
ASV_1583,0.0
ASV_1886,0.0
ASV_2653,0.0
ASV_2830,0.0
ASV_1139,0.0
ASV_1531,0.0
ASV_2818,0.0
ASV_1176,0.0
ASV_2821,0.0
ASV_2822,0.0
ASV_2823,0.0
ASV_2824,0.0
ASV_2825,0.0
ASV_2826,0.0
ASV_1530,0.0
ASV_2828,0.0
ASV_2829,0.0
ASV_1529,0.0
ASV_2654,0.0
ASV_1470,0.0
ASV_2833,0.0
ASV_2834,0.0
ASV_2835,0.0
ASV_1174,0.0
ASV_2837,0.0
ASV_2838,0.0
ASV_2839,0.0
ASV_2840,0.0
ASV_1471,0.0
ASV_1525,0.0
ASV_2843,0.0
ASV_2844,0.0
ASV_1181,0.0
ASV_1182,0.0
ASV_1533,0.0
ASV_1469,0.0
ASV_2783,0.0
ASV_2784,0.0
ASV_2785,0.0
ASV_1545,0.0
ASV_2788,0.0
ASV_2790,0.0
ASV_2791,0.0
ASV_2792,0.0
ASV_2793,0.0
ASV_2794,0.0
ASV_2795,0.0
ASV_2796,0.0
ASV_2797,0.0
ASV_2798,0.0
ASV_1542,0.0
ASV_2800,0.0
ASV_2801,0.0
ASV_2802,0.0
ASV_800,0.0
ASV_2804,0.0
ASV_2805,0.0
ASV_2806,0.0
ASV_2807,0.0
ASV_2808,0.0
ASV_1538,0.0
ASV_1185,0.0
ASV_768,0.0
ASV_2845,0.0
ASV_2846,0.0
ASV_2847,0.0
ASV_2885,0.0
ASV_2887,0.0
ASV_1154,0.0
ASV_2889,0.0
ASV_1502,0.0
ASV_2891,0.0
ASV_2892,0.0
ASV_2893,0.0
ASV_2895,0.0
ASV_1501,0.0
ASV_1500,0.0
ASV_1484,0.0
ASV_2899,0.0
ASV_1488,0.0
ASV_2902,0.0
ASV_2903,0.0
ASV_1493,0.0
ASV_2905,0.0
ASV_2906,0.0
ASV_1159,0.0
ASV_2908,0.0
ASV_2909,0.0
ASV_2910,0.0
ASV_2911,0.0
ASV_2912,0.0
ASV_2913,0.0
ASV_1492,0.0
ASV_2915,0.0
ASV_2886,0.0
ASV_1165,0.0
ASV_2848,0.0
ASV_185,0.0
ASV_1472,0.0
ASV_1522,0.0
ASV_1520,0.0
ASV_1140,0.0
ASV_2856,0.0
ASV_1172,0.0
ASV_776,0.0
ASV_2859,0.0
ASV_1475,0.0
ASV_1513,0.0
ASV_2862,0.0
ASV_2863,0.0
ASV_2864,0.0
ASV_2865,0.0
ASV_1170,0.0
ASV_1478,0.0
ASV_1479,0.0
ASV_2870,0.0
ASV_2872,0.0
ASV_2873,0.0
ASV_1508,0.0
ASV_2875,0.0
ASV_1507,0.0
ASV_2878,0.0
ASV_2879,0.0
ASV_2881,0.0
ASV_1481,0.0
ASV_2782,0.0
ASV_2781,0.0
ASV_1546,0.0
ASV_1455,0.0
ASV_2687,0.0
ASV_2688,0.0
ASV_2689,0.0
ASV_2690,0.0
ASV_2691,0.0
ASV_2692,0.0
ASV_1576,0.0
ASV_819,0.0
ASV_1573,0.0
ASV_2696,0.0
ASV_2697,0.0
ASV_2698,0.0
ASV_2699,0.0
ASV_2700,0.0
ASV_2701,0.0
ASV_2702,0.0
ASV_2703,0.0
ASV_2704,0.0
ASV_2705,0.0
ASV_2706,0.0
ASV_1572,0.0
ASV_2708,0.0
ASV_2709,0.0
ASV_1570,0.0
ASV_2711,0.0
ASV_1569,0.0
ASV_2713,0.0
ASV_2686,0.0
ASV_2684,0.0
ASV_2715,0.0
ASV_1116,0.0
ASV_2655,0.0
ASV_2656,0.0
ASV_2657,0.0
ASV_2658,0.0
ASV_1203,0.0
ASV_2660,0.0
ASV_2661,0.0
ASV_2662,0.0
ASV_1582,0.0
ASV_1581,0.0
ASV_2665,0.0
ASV_2666,0.0
ASV_2667,0.0
ASV_2417,0.0
ASV_2669,0.0
ASV_2670,0.0
ASV_2671,0.0
ASV_2673,0.0
ASV_2674,0.0
ASV_2675,0.0
ASV_2676,0.0
ASV_747,0.0
ASV_2678,0.0
ASV_2679,0.0
ASV_1578,0.0
ASV_2681,0.0
ASV_2682,0.0
ASV_2714,0.0
ASV_2716,0.0
ASV_2779,0.0
ASV_1462,0.0
ASV_1131,0.0
ASV_2753,0.0
ASV_1554,0.0
ASV_1552,0.0
ASV_2756,0.0
ASV_2757,0.0
ASV_2758,0.0
ASV_2759,0.0
ASV_2760,0.0
ASV_2761,0.0
ASV_2762,0.0
ASV_2763,0.0
ASV_2764,0.0
ASV_2765,0.0
ASV_2766,0.0
ASV_2767,0.0
ASV_2768,0.0
ASV_2769,0.0
ASV_2770,0.0
ASV_1551,0.0
ASV_2772,0.0
ASV_2773,0.0
ASV_755,0.0
ASV_2775,0.0
ASV_1549,0.0
ASV_2777,0.0
ASV_1548,0.0
ASV_1555,0.0
ASV_2748,0.0
ASV_2717,0.0
ASV_2747,0.0
ASV_2718,0.0
ASV_2719,0.0
ASV_2720,0.0
ASV_1565,0.0
ASV_1196,0.0
ASV_2723,0.0
ASV_1123,0.0
ASV_1564,0.0
ASV_1563,0.0
ASV_2727,0.0
ASV_1562,0.0
ASV_2729,0.0
ASV_2731,0.0
ASV_2732,0.0
ASV_2733,0.0
ASV_2734,0.0
ASV_2735,0.0
ASV_1560,0.0
ASV_1557,0.0
ASV_2739,0.0
ASV_2740,0.0
ASV_2741,0.0
ASV_2742,0.0
ASV_2743,0.0
ASV_2744,0.0
ASV_2745,0.0
ASV_2746,0.0
ASV_2668,0.0
ASV_1042,0.0
ASV_1679,0.0
ASV_2068,0.0
ASV_2055,0.0
ASV_1831,0.0
ASV_1830,0.0
ASV_1829,0.0
ASV_1827,0.0
ASV_2060,0.0
ASV_2061,0.0
ASV_2062,0.0
ASV_2063,0.0
ASV_2064,0.0
ASV_2065,0.0
ASV_2066,0.0
ASV_1824,0.0
ASV_2069,0.0
ASV_2086,0.0
ASV_2070,0.0
ASV_2071,0.0
ASV_2072,0.0
ASV_2073,0.0
ASV_2074,0.0
ASV_2075,0.0
ASV_2076,0.0
ASV_2077,0.0
ASV_2079,0.0
ASV_2080,0.0
ASV_1823,0.0
ASV_2082,0.0
ASV_1822,0.0
ASV_1832,0.0
ASV_2053,0.0
ASV_2052,0.0
ASV_2051,0.0
ASV_1373,0.0
ASV_2023,0.0
ASV_2024,0.0
ASV_2025,0.0
ASV_1376,0.0
ASV_1378,0.0
ASV_2028,0.0
ASV_2029,0.0
ASV_1841,0.0
ASV_1840,0.0
ASV_2032,0.0
ASV_1839,0.0
ASV_2036,0.0
ASV_1836,0.0
ASV_944,0.0
ASV_2039,0.0
ASV_2040,0.0
ASV_2041,0.0
ASV_2042,0.0
ASV_2043,0.0
ASV_2044,0.0
ASV_2045,0.0
ASV_2046,0.0
ASV_1835,0.0
ASV_1834,0.0
ASV_1833,0.0
ASV_2050,0.0
ASV_1386,0.0
ASV_2087,0.0
ASV_1680,0.0
ASV_1806,0.0
ASV_2121,0.0
ASV_2122,0.0
ASV_2123,0.0
ASV_2124,0.0
ASV_871,0.0
ASV_2126,0.0
ASV_2127,0.0
ASV_1810,0.0
ASV_2130,0.0
ASV_2131,0.0
ASV_1808,0.0
ASV_2133,0.0
ASV_2134,0.0
ASV_1805,0.0
ASV_2088,0.0
ASV_2137,0.0
ASV_2138,0.0
ASV_2139,0.0
ASV_2140,0.0
ASV_1804,0.0
ASV_963,0.0
ASV_1803,0.0
ASV_2144,0.0
ASV_1319,0.0
ASV_1802,0.0
ASV_2147,0.0
ASV_1799,0.0
ASV_2150,0.0
ASV_2120,0.0
ASV_2118,0.0
ASV_2117,0.0
ASV_2116,0.0
ASV_2089,0.0
ASV_1325,0.0
ASV_2091,0.0
ASV_2092,0.0
ASV_1816,0.0
ASV_2094,0.0
ASV_2095,0.0
ASV_1815,0.0
ASV_2097,0.0
ASV_2098,0.0
ASV_2099,0.0
ASV_2100,0.0
ASV_2101,0.0
ASV_2102,0.0
ASV_2103,0.0
ASV_2104,0.0
ASV_2105,0.0
ASV_2106,0.0
ASV_2107,0.0
ASV_2108,0.0
ASV_2109,0.0
ASV_1814,0.0
ASV_2111,0.0
ASV_1813,0.0
ASV_2113,0.0
ASV_2114,0.0
ASV_1812,0.0
ASV_2021,0.0
ASV_1845,0.0
ASV_1847,0.0
ASV_1877,0.0
ASV_1921,0.0
ASV_1922,0.0
ASV_1923,0.0
ASV_1924,0.0
ASV_1878,0.0
ASV_1926,0.0
ASV_1927,0.0
ASV_1361,0.0
ASV_1929,0.0
ASV_1930,0.0
ASV_1931,0.0
ASV_1932,0.0
ASV_1933,0.0
ASV_1935,0.0
ASV_2018,0.0
ASV_1876,0.0
ASV_1937,0.0
ASV_1938,0.0
ASV_1875,0.0
ASV_1940,0.0
ASV_1941,0.0
ASV_1942,0.0
ASV_1943,0.0
ASV_1944,0.0
ASV_1945,0.0
ASV_1874,0.0
ASV_1947,0.0
ASV_1948,0.0
ASV_1920,0.0
ASV_1919,0.0
ASV_1879,0.0
ASV_1917,0.0
ASV_1888,0.0
ASV_1889,0.0
ASV_1890,0.0
ASV_1891,0.0
ASV_1892,0.0
ASV_1893,0.0
ASV_1894,0.0
ASV_1895,0.0
ASV_1896,0.0
ASV_1897,0.0
ASV_1898,0.0
ASV_1899,0.0
ASV_1900,0.0
ASV_1884,0.0
ASV_1364,0.0
ASV_1883,0.0
ASV_1882,0.0
ASV_1905,0.0
ASV_1363,0.0
ASV_1362,0.0
ASV_1908,0.0
ASV_1909,0.0
ASV_1911,0.0
ASV_1913,0.0
ASV_912,0.0
ASV_1915,0.0
ASV_1916,0.0
ASV_1949,0.0
ASV_1950,0.0
ASV_1951,0.0
ASV_1858,0.0
ASV_1987,0.0
ASV_1857,0.0
ASV_1989,0.0
ASV_1990,0.0
ASV_1991,0.0
ASV_1992,0.0
ASV_1855,0.0
ASV_1994,0.0
ASV_1995,0.0
ASV_1996,0.0
ASV_1997,0.0
ASV_1998,0.0
ASV_1999,0.0
ASV_1854,0.0
ASV_1853,0.0
ASV_2002,0.0
ASV_1852,0.0
ASV_2006,0.0
ASV_1851,0.0
ASV_2008,0.0
ASV_2009,0.0
ASV_1849,0.0
ASV_2012,0.0
ASV_2014,0.0
ASV_1848,0.0
ASV_2016,0.0
ASV_2017,0.0
ASV_1986,0.0
ASV_1860,0.0
ASV_1873,0.0
ASV_1983,0.0
ASV_1872,0.0
ASV_1955,0.0
ASV_1956,0.0
ASV_1957,0.0
ASV_1958,0.0
ASV_1871,0.0
ASV_1960,0.0
ASV_1961,0.0
ASV_1962,0.0
ASV_1870,0.0
ASV_1964,0.0
ASV_1965,0.0
ASV_1967,0.0
ASV_1868,0.0
ASV_1867,0.0
ASV_1970,0.0
ASV_1344,0.0
ASV_1972,0.0
ASV_1973,0.0
ASV_1975,0.0
ASV_1864,0.0
ASV_1863,0.0
ASV_1978,0.0
ASV_1979,0.0
ASV_1980,0.0
ASV_1981,0.0
ASV_1982,0.0
ASV_2151,0.0
ASV_2152,0.0
ASV_2153,0.0
ASV_2332,0.0
ASV_2319,0.0
ASV_2320,0.0
ASV_2321,0.0
ASV_2322,0.0
ASV_2323,0.0
ASV_2324,0.0
ASV_2325,0.0
ASV_2326,0.0
ASV_2327,0.0
ASV_2328,0.0
ASV_2329,0.0
ASV_2330,0.0
ASV_2331,0.0
ASV_2334,0.0
ASV_1303,0.0
ASV_1716,0.0
ASV_2336,0.0
ASV_1407,0.0
ASV_2338,0.0
ASV_2339,0.0
ASV_2340,0.0
ASV_2341,0.0
ASV_1027,0.0
ASV_1714,0.0
ASV_2344,0.0
ASV_1709,0.0
ASV_2347,0.0
ASV_2348,0.0
ASV_1717,0.0
ASV_1720,0.0
ASV_1721,0.0
ASV_1722,0.0
ASV_1397,0.0
ASV_1740,0.0
ASV_1739,0.0
ASV_2288,0.0
ASV_2289,0.0
ASV_987,0.0
ASV_1738,0.0
ASV_1737,0.0
ASV_2294,0.0
ASV_2295,0.0
ASV_1736,0.0
ASV_1735,0.0
ASV_1733,0.0
ASV_2299,0.0
ASV_1732,0.0
ASV_1401,0.0
ASV_2302,0.0
ASV_2303,0.0
ASV_2304,0.0
ASV_1728,0.0
ASV_1727,0.0
ASV_2307,0.0
ASV_2308,0.0
ASV_1726,0.0
ASV_1725,0.0
ASV_1724,0.0
ASV_1289,0.0
ASV_2349,0.0
ASV_1708,0.0
ASV_2351,0.0
ASV_1700,0.0
ASV_1036,0.0
ASV_1698,0.0
ASV_1697,0.0
ASV_2388,0.0
ASV_2389,0.0
ASV_2391,0.0
ASV_2392,0.0
ASV_1696,0.0
ASV_1413,0.0
ASV_2395,0.0
ASV_2396,0.0
ASV_2397,0.0
ASV_2398,0.0
ASV_1275,0.0
ASV_1885,0.0
ASV_2402,0.0
ASV_1692,0.0
ASV_1271,0.0
ASV_1414,0.0
ASV_1689,0.0
ASV_2407,0.0
ASV_2408,0.0
ASV_2409,0.0
ASV_2410,0.0
ASV_1688,0.0
ASV_1683,0.0
ASV_1681,0.0
ASV_1699,0.0
ASV_1282,0.0
ASV_1705,0.0
ASV_1701,0.0
ASV_2353,0.0
ASV_2354,0.0
ASV_2356,0.0
ASV_2357,0.0
ASV_2358,0.0
ASV_2359,0.0
ASV_2360,0.0
ASV_1704,0.0
ASV_2362,0.0
ASV_2363,0.0
ASV_2364,0.0
ASV_2365,0.0
ASV_2366,0.0
ASV_2367,0.0
ASV_2368,0.0
ASV_2369,0.0
ASV_2370,0.0
ASV_2371,0.0
ASV_2372,0.0
ASV_1703,0.0
ASV_2374,0.0
ASV_1412,0.0
ASV_2376,0.0
ASV_2377,0.0
ASV_2378,0.0
ASV_2379,0.0
ASV_2380,0.0
ASV_1744,0.0
ASV_2281,0.0
ASV_2154,0.0
ASV_1783,0.0
ASV_2186,0.0
ASV_2187,0.0
ASV_2188,0.0
ASV_2189,0.0
ASV_2190,0.0
ASV_1787,0.0
ASV_1786,0.0
ASV_1314,0.0
ASV_1785,0.0
ASV_1784,0.0
ASV_2196,0.0
ASV_2197,0.0
ASV_2198,0.0
ASV_2200,0.0
ASV_1746,0.0
ASV_2201,0.0
ASV_2202,0.0
ASV_1782,0.0
ASV_2204,0.0
ASV_2205,0.0
ASV_1780,0.0
ASV_2207,0.0
ASV_2208,0.0
ASV_2209,0.0
ASV_1778,0.0
ASV_2211,0.0
ASV_2212,0.0
ASV_2213,0.0
ASV_2185,0.0
ASV_2184,0.0
ASV_1788,0.0
ASV_2182,0.0
ASV_1393,0.0
ASV_2156,0.0
ASV_2157,0.0
ASV_2158,0.0
ASV_2159,0.0
ASV_1796,0.0
ASV_2161,0.0
ASV_2162,0.0
ASV_2163,0.0
ASV_2164,0.0
ASV_1394,0.0
ASV_2166,0.0
ASV_2167,0.0
ASV_2168,0.0
ASV_1793,0.0
ASV_1792,0.0
ASV_2171,0.0
ASV_2172,0.0
ASV_2173,0.0
ASV_2174,0.0
ASV_2175,0.0
ASV_1791,0.0
ASV_1316,0.0
ASV_1790,0.0
ASV_2179,0.0
ASV_1789,0.0
ASV_2181,0.0
ASV_1777,0.0
ASV_2215,0.0
ASV_1776,0.0
ASV_1763,0.0
ASV_1311,0.0
ASV_2251,0.0
ASV_2252,0.0
ASV_2253,0.0
ASV_1762,0.0
ASV_2255,0.0
ASV_2257,0.0
ASV_2258,0.0
ASV_2259,0.0
ASV_1761,0.0
ASV_2261,0.0
ASV_1759,0.0
ASV_1758,0.0
ASV_2264,0.0
ASV_2265,0.0
ASV_2266,0.0
ASV_1756,0.0
ASV_2269,0.0
ASV_1396,0.0
ASV_1753,0.0
ASV_2272,0.0
ASV_1752,0.0
ASV_1749,0.0
ASV_618,0.0
ASV_1748,0.0
ASV_2278,0.0
ASV_2279,0.0
ASV_2249,0.0
ASV_1765,0.0
ASV_2217,0.0
ASV_1766,0.0
ASV_2218,0.0
ASV_2219,0.0
ASV_2220,0.0
ASV_2221,0.0
ASV_2222,0.0
ASV_2223,0.0
ASV_2224,0.0
ASV_2225,0.0
ASV_2226,0.0
ASV_1395,0.0
ASV_2228,0.0
ASV_1771,0.0
ASV_2230,0.0
ASV_2231,0.0
ASV_2232,0.0
ASV_1768,0.0
ASV_2234,0.0
ASV_2235,0.0
ASV_1767,0.0
ASV_2237,0.0
ASV_2238,0.0
ASV_2239,0.0
ASV_2240,0.0
ASV_2241,0.0
ASV_2242,0.0
ASV_2243,0.0
ASV_2244,0.0
ASV_2037,0.0
